{
  "between_treatment": {
    "frame-food-objects": {
      "chi2": 167.84995682824501, 
      "p_val": 0.0011800578947065913, 
      "dof": 116
    }, 
    "intertask-food-objects": {
      "chi2": 268.67336339817234, 
      "p_val": 6.0197957662083896e-14, 
      "dof": 117
    }, 
    "frame-food-culture": {
      "chi2": 127.21282300376917, 
      "p_val": 0.28652345088968645, 
      "dof": 119
    }, 
    "echo-food-objects": {
      "chi2": 381.33921782422948, 
      "p_val": 1.74587881255426e-27, 
      "dof": 126
    }, 
    "intertask-food-culture": {
      "chi2": 447.5084439214852, 
      "p_val": 2.8265873235757704e-39, 
      "dof": 120
    }
  }, 
  "within_treatment": {
    "food": {
      "chi2": 49.63260227905365, 
      "p_val": 0.74506005089449578, 
      "dof": 57
    }, 
    "culture": {
      "chi2": 55.136513271951294, 
      "p_val": 0.77731411378680515, 
      "dof": 64
    }, 
    "objects": {
      "chi2": 35.586668443577139, 
      "p_val": 0.99920309700400556, 
      "dof": 66
    }
  }
}