{
  "intertask": {
    "1_6": {
      "by_pos": [
        0.59677419354838712, 
        0.57661290322580649, 
        0.58064516129032262, 
        0.52822580645161288, 
        0.56451612903225812
      ], 
      "by_idx": [
        0.56451612903225812, 
        0.59677419354838712, 
        0.57661290322580649, 
        0.58064516129032262, 
        0.52822580645161288
      ]
    }, 
    "4_9": {
      "by_pos": [
        0.60546875, 
        0.5703125, 
        0.58984375, 
        0.53125, 
        0.56640625
      ], 
      "by_idx": [
        0.5703125, 
        0.58984375, 
        0.53125, 
        0.56640625, 
        0.60546875
      ]
    }, 
    "0_5": {
      "by_pos": [
        0.67028985507246375, 
        0.58333333333333337, 
        0.60507246376811596, 
        0.56521739130434778, 
        0.6123188405797102
      ], 
      "by_idx": [
        0.67028985507246375, 
        0.58333333333333337, 
        0.60507246376811596, 
        0.56521739130434778, 
        0.6123188405797102
      ]
    }, 
    "3_8": {
      "by_pos": [
        0.65151515151515149, 
        0.56060606060606055, 
        0.59090909090909094, 
        0.63257575757575757, 
        0.57196969696969702
      ], 
      "by_idx": [
        0.59090909090909094, 
        0.63257575757575757, 
        0.57196969696969702, 
        0.65151515151515149, 
        0.56060606060606055
      ]
    }, 
    "2_7": {
      "by_pos": [
        0.57563025210084029, 
        0.55462184873949583, 
        0.5714285714285714, 
        0.59663865546218486, 
        0.60924369747899154
      ], 
      "by_idx": [
        0.59663865546218486, 
        0.60924369747899154, 
        0.57563025210084029, 
        0.55462184873949583, 
        0.5714285714285714
      ]
    }
  }, 
  "framing": {
    "12_13": [
      0.66176470588235292, 
      0.63970588235294112, 
      0.55882352941176472, 
      0.61764705882352944, 
      0.59926470588235292
    ], 
    "10_11": [
      0.573943661971831, 
      0.48943661971830987, 
      0.51760563380281688, 
      0.50352112676056338, 
      0.58098591549295775
    ]
  }
}