{
  "exp2.task": {
    "test1": [
      0.44736842105263158, 
      0.39473684210526316, 
      0.68421052631578949, 
      0.63157894736842102, 
      0.52631578947368418
    ], 
    "test0": [
      0.76315789473684215, 
      0.57894736842105265, 
      0.47368421052631576, 
      0.47368421052631576, 
      0.57894736842105265
    ], 
    "test3": [
      0.55263157894736847, 
      0.52631578947368418, 
      0.5, 
      0.60526315789473684, 
      0.5
    ], 
    "test2": [
      0.73684210526315785, 
      0.60526315789473684, 
      0.39473684210526316, 
      0.63157894736842102, 
      0.5
    ], 
    "test4": [
      0.42105263157894735, 
      0.55263157894736847, 
      0.52631578947368418, 
      0.55263157894736847, 
      0.52631578947368418
    ]
  }, 
  "exp1.frame": [
    0.39473684210526316, 
    0.5, 
    0.55263157894736847, 
    0.60526315789473684, 
    0.44736842105263158
  ], 
  "aggregates": {
    "exp1.frame": 0.55263157894736847, 
    "exp1.task": 0.73684210526315785, 
    "exp2.task": [
      0.52631578947368418, 
      0.55263157894736847, 
      0.57894736842105265, 
      0.65789473684210531, 
      0.60526315789473684
    ], 
    "exp2.frame": 0.57894736842105265, 
    "exp2.*": 0.52631578947368418
  }, 
  "exp2.*": [
    0.42105263157894735, 
    0.55263157894736847, 
    0.55263157894736847, 
    0.57894736842105265, 
    0.52631578947368418
  ], 
  "exp1.task": [
    0.65789473684210531, 
    0.5, 
    0.5, 
    0.55263157894736847, 
    0.55263157894736847
  ], 
  "exp2.frame": [
    0.47368421052631576, 
    0.34210526315789475, 
    0.5, 
    0.52631578947368418, 
    0.57894736842105265
  ]
}