{
  "task2:food": {
    "std": 0.019859053807120157, 
    "num_food_words": 1543, 
    "fract_food": 0.40828586421286667, 
    "num_words": 3712
  }, 
  "frame2:cult": {
    "std": 0.019567427219421001, 
    "num_food_words": 1673, 
    "fract_food": 0.45805221811831875, 
    "num_words": 3610
  }, 
  "frame1:food": {
    "std": 0.013868630592966084, 
    "num_food_words": 2368, 
    "fract_food": 0.60093345698244349, 
    "num_words": 3939
  }, 
  "frame1:obj": {
    "std": 0.013513839740720467, 
    "num_food_words": 2088, 
    "fract_food": 0.56186957792708769, 
    "num_words": 3729
  }, 
  "frame2:food": {
    "std": 0.017714713086721907, 
    "num_food_words": 1720, 
    "fract_food": 0.45195331919467863, 
    "num_words": 3731
  }, 
  "echo:obj": {
    "std": 0.013534429957534835, 
    "num_food_words": 2460, 
    "fract_food": 0.54029416830684518, 
    "num_words": 4557
  }, 
  "task1:obj": {
    "std": 0.0059665297754035165, 
    "num_food_words": 9898, 
    "fract_food": 0.54510401556575572, 
    "num_words": 18248
  }, 
  "task2:cult": {
    "std": 0.016067079811965212, 
    "num_food_words": 1763, 
    "fract_food": 0.48787138430816029, 
    "num_words": 3609
  }, 
  "task1:food": {
    "std": 0.0076489200178259257, 
    "num_food_words": 10607, 
    "fract_food": 0.57431541477425485, 
    "num_words": 18459
  }, 
  "echo:food": {
    "std": 0.017418446874230217, 
    "num_food_words": 2363, 
    "fract_food": 0.62793307337031268, 
    "num_words": 3787
  }
}