{
  "sfrm_food_obj": [
    0.680672268907563, 
    0.6428571428571429, 
    0.5966386554621849, 
    0.6722689075630253, 
    0.6092436974789915
  ], 
  "wfrm_food_obj": [
    0.5840336134453782, 
    0.4957983193277311, 
    0.5798319327731093, 
    0.5252100840336135, 
    0.5294117647058824
  ], 
  "img_food_ambg": [
    0.76, 
    0.64, 
    0.684, 
    0.572, 
    0.64
  ], 
  "img_food_obj": {
    "test1": [
      0.5756302521008403, 
      0.5840336134453782, 
      0.6134453781512605, 
      0.6218487394957983, 
      0.6428571428571429
    ], 
    "test0": [
      0.6386554621848739, 
      0.5840336134453782, 
      0.6008403361344538, 
      0.5504201680672269, 
      0.5504201680672269
    ], 
    "test3": [
      0.680672268907563, 
      0.6134453781512605, 
      0.5966386554621849, 
      0.5336134453781513, 
      0.5756302521008403
    ], 
    "test2": [
      0.592436974789916, 
      0.6176470588235294, 
      0.6008403361344538, 
      0.5588235294117647, 
      0.5588235294117647
    ], 
    "test4": [
      0.5756302521008403, 
      0.5588235294117647, 
      0.592436974789916, 
      0.5126050420168067, 
      0.6050420168067226
    ]
  }
}
}