{
  "sfrm_food_obj": [
    0.6890756302521008, 
    0.6218487394957983, 
    0.592436974789916, 
    0.680672268907563, 
    0.6092436974789915
  ], 
  "wfrm_food_obj": [
    0.592436974789916, 
    0.5084033613445378, 
    0.4957983193277311, 
    0.5462184873949579, 
    0.6092436974789915
  ], 
  "img_food_ambg": [
    0.736, 
    0.668, 
    0.692, 
    0.596, 
    0.632
  ], 
  "img_food_obj": {
    "test1": [
      0.6218487394957983, 
      0.6092436974789915, 
      0.5378151260504201, 
      0.5966386554621849, 
      0.6596638655462185
    ], 
    "test0": [
      0.6134453781512605, 
      0.5756302521008403, 
      0.592436974789916, 
      0.5672268907563025, 
      0.5588235294117647
    ], 
    "test3": [
      0.6596638655462185, 
      0.634453781512605, 
      0.5882352941176471, 
      0.5252100840336135, 
      0.5504201680672269
    ], 
    "test2": [
      0.5588235294117647, 
      0.6092436974789915, 
      0.6260504201680672, 
      0.5504201680672269, 
      0.5546218487394958
    ], 
    "test4": [
      0.5798319327731093, 
      0.5882352941176471, 
      0.5756302521008403, 
      0.5462184873949579, 
      0.5756302521008403
    ]
  }
}