{
  "sfrm_food_obj": [
    0.7058823529411765, 
    0.6386554621848739, 
    0.5462184873949579, 
    0.6764705882352942, 
    0.592436974789916
  ], 
  "wfrm_food_cult": [
    0.864, 
    0.716, 
    0.716, 
    0.616, 
    0.724
  ], 
  "img_food_cult": [
    0.768, 
    0.664, 
    0.636, 
    0.596, 
    0.628
  ], 
  "aggregates": {
    "sfrm_food_obj": 0.6848739495798319, 
    "wfrm_food_obj": 0.542016806722689, 
    "wfrm_food_cult": 0.512, 
    "img_food_obj": [
      0.6638655462184874, 
      0.6680672268907563, 
      0.6848739495798319, 
      0.6680672268907563, 
      0.6134453781512605
    ], 
    "img_food_cult": 0.716
  }, 
  "wfrm_food_obj": [
    0.5966386554621849, 
    0.5294117647058824, 
    0.4789915966386555, 
    0.5252100840336135, 
    0.5042016806722689
  ], 
  "img_food_obj": {
    "test1": [
      0.6470588235294118, 
      0.634453781512605, 
      0.5126050420168067, 
      0.5966386554621849, 
      0.6218487394957983
    ], 
    "test0": [
      0.726890756302521, 
      0.592436974789916, 
      0.592436974789916, 
      0.5588235294117647, 
      0.5504201680672269
    ], 
    "test3": [
      0.6386554621848739, 
      0.5462184873949579, 
      0.6050420168067226, 
      0.5336134453781513, 
      0.5378151260504201
    ], 
    "test2": [
      0.6218487394957983, 
      0.5798319327731093, 
      0.5672268907563025, 
      0.5504201680672269, 
      0.592436974789916
    ], 
    "test4": [
      0.6092436974789915, 
      0.5882352941176471, 
      0.5504201680672269, 
      0.5210084033613446, 
      0.6218487394957983
    ]
  }
}