{
  "exp2.task": {
    "test1": [
      0.6386554621848739, 
      0.6260504201680672, 
      0.5672268907563025, 
      0.5672268907563025, 
      0.6008403361344538
    ], 
    "test0": [
      0.6932773109243697, 
      0.542016806722689, 
      0.634453781512605, 
      0.6176470588235294, 
      0.5630252100840336
    ], 
    "test3": [
      0.6260504201680672, 
      0.5966386554621849, 
      0.5714285714285714, 
      0.5672268907563025, 
      0.5378151260504201
    ], 
    "test2": [
      0.6092436974789915, 
      0.5630252100840336, 
      0.6092436974789915, 
      0.5462184873949579, 
      0.5252100840336135
    ], 
    "test4": [
      0.634453781512605, 
      0.5630252100840336, 
      0.5630252100840336, 
      0.542016806722689, 
      0.5840336134453782
    ]
  }, 
  "exp1.frame": [
    0.4957983193277311, 
    0.5084033613445378, 
    0.542016806722689, 
    0.48739495798319327, 
    0.5
  ], 
  "aggregates": {
    "exp1.frame": 0.5462184873949579, 
    "exp1.task": 0.7563025210084033, 
    "exp2.task": [
      0.6638655462184874, 
      0.6512605042016807, 
      0.6512605042016807, 
      0.6722689075630253, 
      0.6260504201680672
    ], 
    "exp2.frame": 0.5126050420168067, 
    "exp2.*": 0.680672268907563
  }, 
  "exp2.*": [
    0.680672268907563, 
    0.6638655462184874, 
    0.5504201680672269, 
    0.6638655462184874, 
    0.592436974789916
  ], 
  "exp1.task": [
    0.7773109243697479, 
    0.6260504201680672, 
    0.5840336134453782, 
    0.5462184873949579, 
    0.6302521008403361
  ], 
  "exp2.frame": [
    0.5336134453781513, 
    0.5, 
    0.49159663865546216, 
    0.5252100840336135, 
    0.5252100840336135
  ]
}