{
  "food": [
    [
      -0.0036201588877855014, 
      -0.0009589350180505415, 
      -0.005009917355371901, 
      0.009326824780208546, 
      -9.423054688403283e-05
    ], 
    [
      -0.009040929587235519, 
      0.0015506454816285999, 
      0.010351985559566786, 
      -0.0035889807162534436, 
      0.00034655489674913106
    ], 
    [
      -0.01271468002453486, 
      0.003106139438085328, 
      0.0037720953326713007, 
      0.0021440658844765342, 
      0.0044650137741046834
    ], 
    [
      -0.00281267217630854, 
      0.0014240441627479043, 
      -0.0022008324661810614, 
      -0.000788480635551142, 
      0.004351308664259928
    ], 
    [
      0.007103452166064982, 
      -0.005936088154269973, 
      0.004242997342056839, 
      -0.0006885189039195283, 
      -0.004433465739821251
    ]
  ], 
  "object": [
    [
      -0.03867145226636213, 
      0.0013463514902363823, 
      -0.004810773771874341, 
      0.02280599196200219, 
      0.022785976816511167
    ], 
    [
      0.002751484308736217, 
      -0.0016847486200614514, 
      0.00036782603991994373, 
      -0.001745203457727177, 
      0.0005255145536475459
    ], 
    [
      -0.017167214711971746, 
      0.0024540571105456602, 
      -0.00464475079533404, 
      0.006059393087034132, 
      0.011169618384988403
    ], 
    [
      -0.02292958043432427, 
      -0.001103397880891487, 
      0.01786316087079446, 
      0.0045153220762976865, 
      0.002931789906420728
    ], 
    [
      -0.018463785362687293, 
      0.007755639890364748, 
      0.009047619047619047, 
      -0.0007305626236923946, 
      0.003183511433776545
    ]
  ]
}