{
  "exp1.task.cult": 0.08, 
  "exp2.task.obj": 0.1988785046728972, 
  "exp1.task.food": 0.29996343692870203, 
  "exp2.task.food": 0.19728506787330316, 
  "exp1.task.ingr": 0.1753405017921147
}