{
  "img_ingr_cult": [], 
  "sfrm_food_obj": [
    0.1597052348336595, 
    0.009458892217282631, 
    0.03455875900336846, 
    0.0997298063035982, 
    0.024062840367290117
  ], 
  "wfrm_food_cult": [
    -0.024358680714612918, 
    -0.024672811059907835, 
    -0.004848197628934224, 
    -0.01842230116759434, 
    -0.01498710308636485
  ], 
  "img_food_cult": [
    0.1287560687573809, 
    0.10795367191103367, 
    0.03297333771767575, 
    0.045473638915640435, 
    0.0015478894147201746
  ], 
  "img_food_wfrm_food": [], 
  "img_obj_sfrm_obj": [], 
  "img_food_sfrm_food": [], 
  "frm_food_cult": [], 
  "img_food_ingr": [], 
  "wfrm_food_obj": [
    0.11630827691143439, 
    -4.840877508713579e-05, 
    0.038196995208716625, 
    0.028560526836437637, 
    0.027816001572636133
  ], 
  "img_cult_wfrm_cult": [], 
  "img_food_obj": [
    0.1184713946507773, 
    -0.003949196269101012, 
    0.05548296554394115, 
    0.026197117619711763, 
    0.00033350219520432287
  ]
}