{
  "std": 0.012073717507789121, 
  "upper_CI": 0.088644892914738732, 
  "lower_CI": 0.034258092926562005, 
  "mean": 0.060436584637266338
}