{
  "img_ingr_cult": [
    -0.0016679288831187565, 
    0.0005081300813008131, 
    0.0009876234529316164, 
    -0.0008452523410640683, 
    0.0003861003861003861
  ], 
  "sfrm_food_obj": [
    0.002257926837663321, 
    0.006150474540923632, 
    -0.0013555152152104333, 
    0.026252297794117647, 
    7.823501799405414e-05
  ], 
  "wfrm_food_cult": [
    0.0012198768731280585, 
    -0.001795069055207532, 
    0.005705119400349273, 
    -7.98212005108557e-06, 
    0.003258485639686684
  ], 
  "img_food_cult": [
    -0.0008652963198417744, 
    0.001223925074499787, 
    0.003387518472206434, 
    0.002120814964851662, 
    -0.003182744788584205
  ], 
  "img_food_wfrm_food": [
    0.0010890805112852046, 
    -0.0019185511102015758, 
    0.004974292322100958, 
    0.0006132756132756133, 
    -0.0003309002433090024
  ], 
  "img_obj_sfrm_obj": [
    -0.0011137564245353388, 
    -0.0003069263035842172, 
    -0.00917897303888362, 
    0.0007293762575452717, 
    -0.0016907779818157388
  ], 
  "img_food_sfrm_food": [
    0.0007693877871465134, 
    -0.0068168470509270915, 
    -0.005040180459608064, 
    -0.026096914175506268, 
    -0.0017254394478593766
  ], 
  "frm_food_cult": [
    -0.0012198768731280585, 
    0.001795069055207532, 
    -0.005705119400349273, 
    7.98212005108557e-06, 
    -0.003258485639686684
  ], 
  "img_food_ingr": [
    0.00021794469435436063, 
    0.00011389122511914774, 
    0.0016929762008588006, 
    0.0027183996128095507, 
    -0.0025611473940325264
  ], 
  "wfrm_food_obj": [
    -0.00040646964179862815, 
    0.0019668471086461536, 
    0.010463815964641354, 
    0.007779292645761489, 
    0.003325662325999102
  ], 
  "img_cult_wfrm_cult": [
    0.0009998485078018481, 
    -0.00570323348541956, 
    0.00786943430258775, 
    0.0019184876702072902, 
    0.002150465934285762
  ], 
  "img_food_obj": [
    0.001118711617120949, 
    -0.001942690626517727, 
    0.006534529045524647, 
    0.005425998614638651, 
    0.002884017515776105
  ]
}