{
  "img_ingr_cult": [
    0.032372619660319096, 
    0.032821410190427176, 
    0.041628409675759134, 
    0.021426659804426144, 
    0.004512609366958312
  ], 
  "sfrm_food_obj": [
    0.07470414201183433, 
    0.01280194918203968, 
    0.014824225548207448, 
    0.0497493908806126, 
    0.011134702401670728
  ], 
  "wfrm_food_cult": [
    -0.006344397415905547, 
    -0.007026063711294275, 
    -0.010697259968812654, 
    -0.0075584762753397195, 
    -0.004738249053241257
  ], 
  "img_food_cult": [
    0.032118511918021835, 
    0.03569169079973268, 
    0.047955001113833814, 
    0.017518378257963912, 
    -2.2276676319893072e-06
  ], 
  "img_food_wfrm_food": [
    -0.0077567386945867674, 
    -0.0107707730006683, 
    -0.004504343951882379, 
    -0.004172421474715972, 
    -0.01607707730006683
  ], 
  "img_obj_sfrm_obj": [
    0.009270216962524655, 
    0.000756367378440957, 
    -0.019262498928050768, 
    -0.012134465311722837, 
    -0.00675756796158134
  ], 
  "img_food_sfrm_food": [
    -0.0071013931888544895, 
    -0.008726780185758514, 
    -0.009069272445820434, 
    -0.055576625386996904, 
    -0.019063467492260063
  ], 
  "frm_food_cult": [
    0.006344397415905547, 
    0.007026063711294275, 
    0.010697259968812654, 
    0.0075584762753397195, 
    0.004738249053241257
  ], 
  "img_food_ingr": [
    0.006252187339166238, 
    0.004914050437467833, 
    0.014880082346886259, 
    0.0002655687081832218, 
    -0.0042058672156459085
  ], 
  "wfrm_food_obj": [
    0.054919996167481076, 
    0.005160486729903229, 
    0.022274599980837407, 
    0.01643192488262911, 
    0.01280252946248922
  ], 
  "img_cult_wfrm_cult": [
    0.05278167367928939, 
    -0.005453482935951379, 
    0.02531790556334736, 
    0.012265077138849929, 
    0.0023866292660121554
  ], 
  "img_food_obj": [
    0.04917810831426392, 
    0.002147215865751335, 
    0.02658466819221968, 
    0.01394927536231884, 
    0.0002879481311975591
  ]
}