{
  "task1": [
    0.12958805252079783, 
    -0.003048529290598995, 
    0.04812063776653647, 
    0.04231451899183528, 
    -0.007276702061211743
  ], 
  "frame1": [
    0.12941585783614046, 
    0.002153774737690034, 
    0.021301543873363298, 
    0.004239280341023069, 
    0.024566011447507155
  ], 
  "task2": [
    0.20265019040957488, 
    0.14840054658210994, 
    0.036338712716338484, 
    0.0702887537993921, 
    0.00416
  ], 
  "frame2": [
    0.058186212263957725, 
    0.03259683960285275, 
    0.010119344548171686, 
    0.04111164930976023, 
    0.027874701835314528
  ], 
  "echo": [
    0.17036368854811595, 
    0.008349960368436877, 
    0.020323406590057, 
    0.08043077970507682, 
    0.027858807356368087
  ]
}