{
  "sfrm_food_obj": [
    0.6890756302521008, 
    0.6302521008403361, 
    0.5672268907563025, 
    0.680672268907563, 
    0.5504201680672269
  ], 
  "wfrm_food_cult": [
    0.836, 
    0.688, 
    0.692, 
    0.644, 
    0.716
  ], 
  "img_food_ambg": [
    0.78, 
    0.636, 
    0.656, 
    0.584, 
    0.604
  ], 
  "aggregates": {
    "sfrm_food_obj": 0.7226890756302521, 
    "wfrm_food_obj": 0.5252100840336135, 
    "wfrm_food_cult": 0.54, 
    "img_food_ambg": 0.708, 
    "img_food_obj": 0.6722689075630253
  }, 
  "wfrm_food_obj": [
    0.5588235294117647, 
    0.5168067226890757, 
    0.5, 
    0.5546218487394958, 
    0.5546218487394958
  ], 
  "img_food_obj": {
    "test1": [
      0.592436974789916, 
      0.592436974789916, 
      0.5630252100840336, 
      0.634453781512605, 
      0.6218487394957983
    ], 
    "test0": [
      0.6470588235294118, 
      0.5840336134453782, 
      0.6008403361344538, 
      0.5840336134453782, 
      0.5462184873949579
    ], 
    "test3": [
      0.6386554621848739, 
      0.5798319327731093, 
      0.5882352941176471, 
      0.5504201680672269, 
      0.542016806722689
    ], 
    "test2": [
      0.592436974789916, 
      0.5672268907563025, 
      0.5840336134453782, 
      0.5294117647058824, 
      0.5546218487394958
    ], 
    "test4": [
      0.5882352941176471, 
      0.5672268907563025, 
      0.5672268907563025, 
      0.49159663865546216, 
      0.5756302521008403
    ]
  }
}