{
  "sfrm_food_obj": [
    0.6638655462184874, 
    0.6008403361344538, 
    0.5042016806722689, 
    0.6218487394957983, 
    0.6092436974789915
  ], 
  "wfrm_food_cult": [
    0.82, 
    0.668, 
    0.728, 
    0.64, 
    0.676
  ], 
  "img_food_ambg": [
    0.78, 
    0.668, 
    0.6, 
    0.54, 
    0.608
  ], 
  "aggregates": {
    "sfrm_food_obj": 0.6512605042016807, 
    "wfrm_food_obj": 0.5252100840336135, 
    "wfrm_food_cult": 0.532, 
    "img_food_ambg": 0.732, 
    "img_food_obj": 0.7100840336134454
  }, 
  "wfrm_food_obj": [
    0.5966386554621849, 
    0.5672268907563025, 
    0.5210084033613446, 
    0.5504201680672269, 
    0.5
  ], 
  "img_food_obj": {
    "test1": [
      0.6302521008403361, 
      0.6176470588235294, 
      0.5504201680672269, 
      0.5966386554621849, 
      0.6176470588235294
    ], 
    "test0": [
      0.6932773109243697, 
      0.5504201680672269, 
      0.6008403361344538, 
      0.5798319327731093, 
      0.5294117647058824
    ], 
    "test3": [
      0.7016806722689075, 
      0.5504201680672269, 
      0.592436974789916, 
      0.5882352941176471, 
      0.5336134453781513
    ], 
    "test2": [
      0.5630252100840336, 
      0.6092436974789915, 
      0.592436974789916, 
      0.5504201680672269, 
      0.5294117647058824
    ], 
    "test4": [
      0.6512605042016807, 
      0.5462184873949579, 
      0.5378151260504201, 
      0.49159663865546216, 
      0.6176470588235294
    ]
  }
}