{
  "sfrm_food_obj": [
    0.6554621848739496, 
    0.6764705882352942, 
    0.5588235294117647, 
    0.6932773109243697, 
    0.6092436974789915
  ], 
  "wfrm_food_cult": [
    0.828, 
    0.676, 
    0.684, 
    0.636, 
    0.688
  ], 
  "img_food_ambg": [
    0.76, 
    0.656, 
    0.596, 
    0.592, 
    0.62
  ], 
  "aggregates": {
    "sfrm_food_obj": 0.680672268907563, 
    "wfrm_food_obj": 0.5084033613445378, 
    "wfrm_food_cult": 0.524, 
    "img_food_ambg": 0.736, 
    "img_food_obj": 0.6512605042016807
  }, 
  "wfrm_food_obj": [
    0.6092436974789915, 
    0.5126050420168067, 
    0.4579831932773109, 
    0.5546218487394958, 
    0.5042016806722689
  ], 
  "img_food_obj": {
    "test1": [
      0.6302521008403361, 
      0.6386554621848739, 
      0.5546218487394958, 
      0.5798319327731093, 
      0.6050420168067226
    ], 
    "test0": [
      0.6890756302521008, 
      0.5840336134453782, 
      0.5798319327731093, 
      0.5672268907563025, 
      0.542016806722689
    ], 
    "test3": [
      0.6512605042016807, 
      0.5504201680672269, 
      0.5588235294117647, 
      0.5462184873949579, 
      0.5882352941176471
    ], 
    "test2": [
      0.6260504201680672, 
      0.5840336134453782, 
      0.6176470588235294, 
      0.5294117647058824, 
      0.5462184873949579
    ], 
    "test4": [
      0.6386554621848739, 
      0.5630252100840336, 
      0.5630252100840336, 
      0.5042016806722689, 
      0.5966386554621849
    ]
  }
}