{
  "sfrm_food_obj": [
    0.6596638655462185, 
    0.6386554621848739, 
    0.5714285714285714, 
    0.634453781512605, 
    0.6008403361344538
  ], 
  "wfrm_food_cult": [
    0.844, 
    0.676, 
    0.676, 
    0.616, 
    0.712
  ], 
  "img_food_ambg": [
    0.768, 
    0.648, 
    0.616, 
    0.568, 
    0.624
  ], 
  "aggregates": {
    "sfrm_food_obj": 0.7100840336134454, 
    "wfrm_food_obj": 0.5168067226890757, 
    "wfrm_food_cult": 0.52, 
    "img_food_ambg": 0.708, 
    "img_food_obj": 0.6512605042016807
  }, 
  "wfrm_food_obj": [
    0.5462184873949579, 
    0.46638655462184875, 
    0.47058823529411764, 
    0.5168067226890757, 
    0.542016806722689
  ], 
  "img_food_obj": {
    "test1": [
      0.6176470588235294, 
      0.6176470588235294, 
      0.5462184873949579, 
      0.5798319327731093, 
      0.6260504201680672
    ], 
    "test0": [
      0.6554621848739496, 
      0.542016806722689, 
      0.6260504201680672, 
      0.5966386554621849, 
      0.5588235294117647
    ], 
    "test3": [
      0.6302521008403361, 
      0.5588235294117647, 
      0.6050420168067226, 
      0.5714285714285714, 
      0.5378151260504201
    ], 
    "test2": [
      0.6008403361344538, 
      0.5714285714285714, 
      0.592436974789916, 
      0.5336134453781513, 
      0.5126050420168067
    ], 
    "test4": [
      0.6260504201680672, 
      0.5714285714285714, 
      0.5882352941176471, 
      0.5462184873949579, 
      0.5588235294117647
    ]
  }
}