{
  "sfrm_food_obj": [
    0.6890756302521008, 
    0.634453781512605, 
    0.5252100840336135, 
    0.6722689075630253, 
    0.5714285714285714
  ], 
  "wfrm_food_cult": [
    0.844, 
    0.68, 
    0.712, 
    0.6, 
    0.684
  ], 
  "img_food_ambg": [
    0.764, 
    0.652, 
    0.632, 
    0.596, 
    0.632
  ], 
  "aggregates": {
    "sfrm_food_obj": 0.6680672268907563, 
    "wfrm_food_obj": 0.49159663865546216, 
    "wfrm_food_cult": 0.52, 
    "img_food_ambg": 0.712, 
    "img_food_obj": 0.6596638655462185
  }, 
  "wfrm_food_obj": [
    0.5546218487394958, 
    0.46638655462184875, 
    0.49159663865546216, 
    0.5126050420168067, 
    0.5210084033613446
  ], 
  "img_food_obj": {
    "test1": [
      0.6386554621848739, 
      0.6092436974789915, 
      0.5462184873949579, 
      0.6470588235294118, 
      0.6260504201680672
    ], 
    "test0": [
      0.6764705882352942, 
      0.5378151260504201, 
      0.5672268907563025, 
      0.5504201680672269, 
      0.5504201680672269
    ], 
    "test3": [
      0.6260504201680672, 
      0.5588235294117647, 
      0.5798319327731093, 
      0.5630252100840336, 
      0.5336134453781513
    ], 
    "test2": [
      0.5672268907563025, 
      0.5882352941176471, 
      0.5882352941176471, 
      0.5756302521008403, 
      0.5252100840336135
    ], 
    "test4": [
      0.6428571428571429, 
      0.5210084033613446, 
      0.542016806722689, 
      0.5084033613445378, 
      0.542016806722689
    ]
  }
}