{
  "sfrm_food_obj": [
    0.6638655462184874, 
    0.6512605042016807, 
    0.5630252100840336, 
    0.6512605042016807, 
    0.592436974789916
  ], 
  "wfrm_food_cult": [
    0.812, 
    0.712, 
    0.732, 
    0.616, 
    0.672
  ], 
  "img_food_ambg": [
    0.764, 
    0.652, 
    0.648, 
    0.584, 
    0.628
  ], 
  "aggregates": {
    "sfrm_food_obj": 0.6764705882352942, 
    "wfrm_food_obj": 0.4957983193277311, 
    "wfrm_food_cult": 0.54, 
    "img_food_ambg": 0.728, 
    "img_food_obj": 0.6428571428571429
  }, 
  "wfrm_food_obj": [
    0.5756302521008403, 
    0.5168067226890757, 
    0.4831932773109244, 
    0.5252100840336135, 
    0.5210084033613446
  ], 
  "img_food_obj": {
    "test1": [
      0.6050420168067226, 
      0.5714285714285714, 
      0.5252100840336135, 
      0.6260504201680672, 
      0.6050420168067226
    ], 
    "test0": [
      0.6554621848739496, 
      0.5588235294117647, 
      0.6092436974789915, 
      0.5630252100840336, 
      0.5336134453781513
    ], 
    "test3": [
      0.634453781512605, 
      0.5504201680672269, 
      0.5714285714285714, 
      0.542016806722689, 
      0.5336134453781513
    ], 
    "test2": [
      0.6134453781512605, 
      0.5630252100840336, 
      0.592436974789916, 
      0.5126050420168067, 
      0.5294117647058824
    ], 
    "test4": [
      0.5966386554621849, 
      0.5504201680672269, 
      0.5630252100840336, 
      0.46638655462184875, 
      0.592436974789916
    ]
  }
}