{
  "sfrm_food_obj": [
    0.6722689075630253, 
    0.6176470588235294, 
    0.5336134453781513, 
    0.6596638655462185, 
    0.6092436974789915
  ], 
  "wfrm_food_cult": [
    0.82, 
    0.692, 
    0.704, 
    0.616, 
    0.672
  ], 
  "img_food_ambg": [
    0.78, 
    0.632, 
    0.628, 
    0.564, 
    0.608
  ], 
  "aggregates": {
    "sfrm_food_obj": 0.6680672268907563, 
    "wfrm_food_obj": 0.5084033613445378, 
    "wfrm_food_cult": 0.536, 
    "img_food_ambg": 0.736, 
    "img_food_obj": 0.6470588235294118
  }, 
  "wfrm_food_obj": [
    0.5504201680672269, 
    0.5126050420168067, 
    0.4579831932773109, 
    0.5588235294117647, 
    0.5336134453781513
  ], 
  "img_food_obj": {
    "test1": [
      0.6008403361344538, 
      0.6050420168067226, 
      0.542016806722689, 
      0.5672268907563025, 
      0.6260504201680672
    ], 
    "test0": [
      0.6764705882352942, 
      0.5882352941176471, 
      0.5798319327731093, 
      0.5840336134453782, 
      0.5588235294117647
    ], 
    "test3": [
      0.6386554621848739, 
      0.5840336134453782, 
      0.5714285714285714, 
      0.5084033613445378, 
      0.5210084033613446
    ], 
    "test2": [
      0.5966386554621849, 
      0.5756302521008403, 
      0.6134453781512605, 
      0.5252100840336135, 
      0.5462184873949579
    ], 
    "test4": [
      0.5840336134453782, 
      0.5378151260504201, 
      0.5630252100840336, 
      0.5, 
      0.592436974789916
    ]
  }
}