{
  "sfrm_food_obj": [
    0.6932773109243697, 
    0.6596638655462185, 
    0.5336134453781513, 
    0.7058823529411765, 
    0.5798319327731093
  ], 
  "wfrm_food_cult": [
    0.828, 
    0.688, 
    0.708, 
    0.636, 
    0.7
  ], 
  "img_food_ambg": [
    0.804, 
    0.652, 
    0.6, 
    0.548, 
    0.608
  ], 
  "aggregates": {
    "sfrm_food_obj": 0.6764705882352942, 
    "wfrm_food_obj": 0.5084033613445378, 
    "wfrm_food_cult": 0.516, 
    "img_food_ambg": 0.712, 
    "img_food_obj": 0.6638655462184874
  }, 
  "wfrm_food_obj": [
    0.5462184873949579, 
    0.5336134453781513, 
    0.47058823529411764, 
    0.5630252100840336, 
    0.5126050420168067
  ], 
  "img_food_obj": {
    "test1": [
      0.6470588235294118, 
      0.5840336134453782, 
      0.5630252100840336, 
      0.6386554621848739, 
      0.592436974789916
    ], 
    "test0": [
      0.7016806722689075, 
      0.5840336134453782, 
      0.6092436974789915, 
      0.5840336134453782, 
      0.5504201680672269
    ], 
    "test3": [
      0.6554621848739496, 
      0.5798319327731093, 
      0.5546218487394958, 
      0.5588235294117647, 
      0.5672268907563025
    ], 
    "test2": [
      0.592436974789916, 
      0.6050420168067226, 
      0.5882352941176471, 
      0.5462184873949579, 
      0.5294117647058824
    ], 
    "test4": [
      0.6302521008403361, 
      0.5630252100840336, 
      0.5630252100840336, 
      0.542016806722689, 
      0.6008403361344538
    ]
  }
}