{
  "sfrm_food_obj": [
    0.7058823529411765, 
    0.6218487394957983, 
    0.542016806722689, 
    0.6512605042016807, 
    0.5672268907563025
  ], 
  "wfrm_food_cult": [
    0.84, 
    0.716, 
    0.76, 
    0.636, 
    0.696
  ], 
  "img_food_ambg": [
    0.784, 
    0.648, 
    0.66, 
    0.584, 
    0.624
  ], 
  "aggregates": {
    "sfrm_food_obj": 0.6428571428571429, 
    "wfrm_food_obj": 0.5252100840336135, 
    "wfrm_food_cult": 0.524, 
    "img_food_ambg": 0.728, 
    "img_food_obj": 0.6554621848739496
  }, 
  "wfrm_food_obj": [
    0.6386554621848739, 
    0.5966386554621849, 
    0.5, 
    0.542016806722689, 
    0.5168067226890757
  ], 
  "img_food_obj": {
    "test1": [
      0.6008403361344538, 
      0.6176470588235294, 
      0.5630252100840336, 
      0.6050420168067226, 
      0.6218487394957983
    ], 
    "test0": [
      0.6260504201680672, 
      0.5588235294117647, 
      0.6134453781512605, 
      0.5798319327731093, 
      0.5336134453781513
    ], 
    "test3": [
      0.6428571428571429, 
      0.542016806722689, 
      0.5756302521008403, 
      0.5504201680672269, 
      0.5798319327731093
    ], 
    "test2": [
      0.6134453781512605, 
      0.5504201680672269, 
      0.6008403361344538, 
      0.5126050420168067, 
      0.47478991596638653
    ], 
    "test4": [
      0.6218487394957983, 
      0.5798319327731093, 
      0.5504201680672269, 
      0.5168067226890757, 
      0.5672268907563025
    ]
  }
}