{
  "sfrm_food_obj": [
    0.6554621848739496, 
    0.6302521008403361, 
    0.5546218487394958, 
    0.634453781512605, 
    0.5714285714285714
  ], 
  "wfrm_food_cult": [
    0.82, 
    0.684, 
    0.712, 
    0.624, 
    0.72
  ], 
  "img_food_ambg": [
    0.776, 
    0.656, 
    0.64, 
    0.556, 
    0.624
  ], 
  "aggregates": {
    "sfrm_food_obj": 0.6554621848739496, 
    "wfrm_food_obj": 0.5126050420168067, 
    "wfrm_food_cult": 0.528, 
    "img_food_ambg": 0.736, 
    "img_food_obj": 0.6680672268907563
  }, 
  "wfrm_food_obj": [
    0.5210084033613446, 
    0.5084033613445378, 
    0.42436974789915966, 
    0.5462184873949579, 
    0.5126050420168067
  ], 
  "img_food_obj": {
    "test1": [
      0.6260504201680672, 
      0.634453781512605, 
      0.5672268907563025, 
      0.5588235294117647, 
      0.5966386554621849
    ], 
    "test0": [
      0.6638655462184874, 
      0.5546218487394958, 
      0.6134453781512605, 
      0.5588235294117647, 
      0.5294117647058824
    ], 
    "test3": [
      0.6134453781512605, 
      0.5336134453781513, 
      0.5840336134453782, 
      0.5672268907563025, 
      0.5630252100840336
    ], 
    "test2": [
      0.6008403361344538, 
      0.5588235294117647, 
      0.634453781512605, 
      0.5336134453781513, 
      0.5546218487394958
    ], 
    "test4": [
      0.592436974789916, 
      0.5336134453781513, 
      0.5546218487394958, 
      0.5294117647058824, 
      0.5168067226890757
    ]
  }
}