{
  "sfrm_food_obj": [
    0.6638655462184874, 
    0.6176470588235294, 
    0.5546218487394958, 
    0.6386554621848739, 
    0.5756302521008403
  ], 
  "wfrm_food_cult": [
    0.832, 
    0.708, 
    0.716, 
    0.62, 
    0.704
  ], 
  "img_food_ambg": [
    0.756, 
    0.652, 
    0.604, 
    0.576, 
    0.648
  ], 
  "aggregates": {
    "sfrm_food_obj": 0.6848739495798319, 
    "wfrm_food_obj": 0.5252100840336135, 
    "wfrm_food_cult": 0.508, 
    "img_food_ambg": 0.704, 
    "img_food_obj": 0.6680672268907563
  }, 
  "wfrm_food_obj": [
    0.5966386554621849, 
    0.5252100840336135, 
    0.5084033613445378, 
    0.5672268907563025, 
    0.5126050420168067
  ], 
  "img_food_obj": {
    "test1": [
      0.6092436974789915, 
      0.6134453781512605, 
      0.542016806722689, 
      0.634453781512605, 
      0.6050420168067226
    ], 
    "test0": [
      0.6428571428571429, 
      0.5210084033613446, 
      0.5630252100840336, 
      0.5840336134453782, 
      0.5546218487394958
    ], 
    "test3": [
      0.634453781512605, 
      0.5336134453781513, 
      0.5882352941176471, 
      0.5630252100840336, 
      0.5630252100840336
    ], 
    "test2": [
      0.6092436974789915, 
      0.6134453781512605, 
      0.5630252100840336, 
      0.5378151260504201, 
      0.5210084033613446
    ], 
    "test4": [
      0.6218487394957983, 
      0.5210084033613446, 
      0.5588235294117647, 
      0.49159663865546216, 
      0.5756302521008403
    ]
  }
}