{
  "sfrm_food_obj": [
    0.6764705882352942, 
    0.6596638655462185, 
    0.5588235294117647, 
    0.680672268907563, 
    0.5798319327731093
  ], 
  "wfrm_food_cult": [
    0.852, 
    0.66, 
    0.708, 
    0.66, 
    0.688
  ], 
  "img_food_ambg": [
    0.78, 
    0.64, 
    0.628, 
    0.612, 
    0.616
  ], 
  "aggregates": {
    "sfrm_food_obj": 0.6974789915966386, 
    "wfrm_food_obj": 0.5336134453781513, 
    "wfrm_food_cult": 0.54, 
    "img_food_ambg": 0.724, 
    "img_food_obj": 0.6932773109243697
  }, 
  "wfrm_food_obj": [
    0.5672268907563025, 
    0.542016806722689, 
    0.49159663865546216, 
    0.5756302521008403, 
    0.5
  ], 
  "img_food_obj": {
    "test1": [
      0.6470588235294118, 
      0.6302521008403361, 
      0.5672268907563025, 
      0.6176470588235294, 
      0.592436974789916
    ], 
    "test0": [
      0.634453781512605, 
      0.5126050420168067, 
      0.6386554621848739, 
      0.6092436974789915, 
      0.5714285714285714
    ], 
    "test3": [
      0.6638655462184874, 
      0.5504201680672269, 
      0.5840336134453782, 
      0.5714285714285714, 
      0.5630252100840336
    ], 
    "test2": [
      0.5882352941176471, 
      0.5840336134453782, 
      0.6512605042016807, 
      0.5882352941176471, 
      0.5504201680672269
    ], 
    "test4": [
      0.6218487394957983, 
      0.6008403361344538, 
      0.5966386554621849, 
      0.5084033613445378, 
      0.6176470588235294
    ]
  }
}