{
  "sfrm_food_obj": [
    0.6680672268907563, 
    0.6596638655462185, 
    0.5588235294117647, 
    0.6890756302521008, 
    0.5798319327731093
  ], 
  "wfrm_food_cult": [
    0.844, 
    0.688, 
    0.74, 
    0.62, 
    0.684
  ], 
  "img_food_ambg": [
    0.78, 
    0.664, 
    0.624, 
    0.6, 
    0.62
  ], 
  "aggregates": {
    "sfrm_food_obj": 0.7058823529411765, 
    "wfrm_food_obj": 0.5294117647058824, 
    "wfrm_food_cult": 0.508, 
    "img_food_ambg": 0.704, 
    "img_food_obj": 0.6386554621848739
  }, 
  "wfrm_food_obj": [
    0.5630252100840336, 
    0.4957983193277311, 
    0.4579831932773109, 
    0.5336134453781513, 
    0.48739495798319327
  ], 
  "img_food_obj": {
    "test1": [
      0.6218487394957983, 
      0.5882352941176471, 
      0.5462184873949579, 
      0.6050420168067226, 
      0.6050420168067226
    ], 
    "test0": [
      0.6680672268907563, 
      0.5462184873949579, 
      0.5756302521008403, 
      0.542016806722689, 
      0.5630252100840336
    ], 
    "test3": [
      0.6470588235294118, 
      0.5378151260504201, 
      0.5588235294117647, 
      0.5294117647058824, 
      0.5630252100840336
    ], 
    "test2": [
      0.5504201680672269, 
      0.5840336134453782, 
      0.6218487394957983, 
      0.542016806722689, 
      0.5504201680672269
    ], 
    "test4": [
      0.6428571428571429, 
      0.5798319327731093, 
      0.5588235294117647, 
      0.5, 
      0.592436974789916
    ]
  }
}