{
  "sfrm_food_obj": [
    0.6890756302521008, 
    0.6554621848739496, 
    0.5546218487394958, 
    0.6428571428571429, 
    0.5588235294117647
  ], 
  "wfrm_food_cult": [
    0.848, 
    0.696, 
    0.696, 
    0.632, 
    0.696
  ], 
  "img_food_ambg": [
    0.768, 
    0.648, 
    0.628, 
    0.584, 
    0.624
  ], 
  "aggregates": {
    "sfrm_food_obj": 0.6848739495798319, 
    "wfrm_food_obj": 0.5168067226890757, 
    "wfrm_food_cult": 0.524, 
    "img_food_ambg": 0.7, 
    "img_food_obj": 0.6722689075630253
  }, 
  "wfrm_food_obj": [
    0.5714285714285714, 
    0.47478991596638653, 
    0.4831932773109244, 
    0.542016806722689, 
    0.5462184873949579
  ], 
  "img_food_obj": {
    "test1": [
      0.6512605042016807, 
      0.6218487394957983, 
      0.5504201680672269, 
      0.5882352941176471, 
      0.6008403361344538
    ], 
    "test0": [
      0.6260504201680672, 
      0.5966386554621849, 
      0.6092436974789915, 
      0.6050420168067226, 
      0.5378151260504201
    ], 
    "test3": [
      0.6092436974789915, 
      0.5798319327731093, 
      0.5798319327731093, 
      0.5882352941176471, 
      0.5336134453781513
    ], 
    "test2": [
      0.6176470588235294, 
      0.5714285714285714, 
      0.6092436974789915, 
      0.5168067226890757, 
      0.5504201680672269
    ], 
    "test4": [
      0.6302521008403361, 
      0.5336134453781513, 
      0.5588235294117647, 
      0.5084033613445378, 
      0.5882352941176471
    ]
  }
}