{
  "sfrm_food_obj": [
    0.6974789915966386, 
    0.5966386554621849, 
    0.5840336134453782, 
    0.6302521008403361, 
    0.6050420168067226
  ], 
  "wfrm_food_cult": [
    0.816, 
    0.7, 
    0.724, 
    0.6, 
    0.7
  ], 
  "img_food_ambg": [
    0.768, 
    0.632, 
    0.612, 
    0.58, 
    0.62
  ], 
  "aggregates": {
    "sfrm_food_obj": 0.680672268907563, 
    "wfrm_food_obj": 0.542016806722689, 
    "wfrm_food_cult": 0.54, 
    "img_food_ambg": 0.72, 
    "img_food_obj": 0.6638655462184874
  }, 
  "wfrm_food_obj": [
    0.6008403361344538, 
    0.5168067226890757, 
    0.44537815126050423, 
    0.5084033613445378, 
    0.542016806722689
  ], 
  "img_food_obj": {
    "test1": [
      0.6218487394957983, 
      0.6218487394957983, 
      0.5336134453781513, 
      0.6008403361344538, 
      0.6176470588235294
    ], 
    "test0": [
      0.6890756302521008, 
      0.5546218487394958, 
      0.5840336134453782, 
      0.5882352941176471, 
      0.5252100840336135
    ], 
    "test3": [
      0.6554621848739496, 
      0.542016806722689, 
      0.5672268907563025, 
      0.6134453781512605, 
      0.542016806722689
    ], 
    "test2": [
      0.5966386554621849, 
      0.5840336134453782, 
      0.5882352941176471, 
      0.5252100840336135, 
      0.5546218487394958
    ], 
    "test4": [
      0.6008403361344538, 
      0.5462184873949579, 
      0.5672268907563025, 
      0.5042016806722689, 
      0.5462184873949579
    ]
  }
}