{
  "sfrm_food_obj": [
    0.6764705882352942, 
    0.6260504201680672, 
    0.5210084033613446, 
    0.634453781512605, 
    0.6386554621848739
  ], 
  "wfrm_food_cult": [
    0.832, 
    0.696, 
    0.736, 
    0.648, 
    0.712
  ], 
  "img_food_ambg": [
    0.772, 
    0.676, 
    0.616, 
    0.584, 
    0.66
  ], 
  "aggregates": {
    "sfrm_food_obj": 0.7142857142857143, 
    "wfrm_food_obj": 0.5546218487394958, 
    "wfrm_food_cult": 0.5, 
    "img_food_ambg": 0.716, 
    "img_food_obj": 0.6596638655462185
  }, 
  "wfrm_food_obj": [
    0.6008403361344538, 
    0.5630252100840336, 
    0.46218487394957986, 
    0.5504201680672269, 
    0.5252100840336135
  ], 
  "img_food_obj": {
    "test1": [
      0.6008403361344538, 
      0.6176470588235294, 
      0.5462184873949579, 
      0.5882352941176471, 
      0.6008403361344538
    ], 
    "test0": [
      0.6386554621848739, 
      0.5462184873949579, 
      0.634453781512605, 
      0.6134453781512605, 
      0.5630252100840336
    ], 
    "test3": [
      0.6680672268907563, 
      0.5798319327731093, 
      0.5840336134453782, 
      0.542016806722689, 
      0.5
    ], 
    "test2": [
      0.6008403361344538, 
      0.5840336134453782, 
      0.5756302521008403, 
      0.5336134453781513, 
      0.5462184873949579
    ], 
    "test4": [
      0.634453781512605, 
      0.592436974789916, 
      0.5756302521008403, 
      0.542016806722689, 
      0.5798319327731093
    ]
  }
}