{
  "std": 0.051092001818242215, 
  "upper_CI": 0.1593308384069709, 
  "lower_CI": -0.043078724026924205, 
  "mean": 0.065664911580919111
}