{
  "std": 0.024744094846452909, 
  "upper_CI": 0.1760932786127796, 
  "lower_CI": 0.074865128980870402, 
  "mean": 0.12380335763896932
}