{
  "std": 0.024211694689598034, 
  "upper_CI": 0.1697557033464932, 
  "lower_CI": 0.075668931096631087, 
  "mean": 0.12421109038889495
}