{
  "std": 0.028830226515518406, 
  "upper_CI": 0.25371247519682522, 
  "lower_CI": 0.13749039521598236, 
  "mean": 0.19646432646040068
}