{
  "std": 0.024384005926178884, 
  "upper_CI": 0.21909480638133388, 
  "lower_CI": 0.12120602884715161, 
  "mean": 0.17137320614454121
}