{
  "std": 0.025671602903940851, 
  "upper_CI": 0.16177009036453374, 
  "lower_CI": 0.065254684613354444, 
  "mean": 0.11684323590885337
}