{
  "std": 0.022294958167029293, 
  "upper_CI": 0.17829641389338122, 
  "lower_CI": 0.090792916692022149, 
  "mean": 0.13637286240527782
}