{
  "std": 0.04633661441399816, 
  "upper_CI": 0.15326446893688528, 
  "lower_CI": -0.020948878707499397, 
  "mean": 0.069735277925793315
}