{
  "std": 0.023515361285472637, 
  "upper_CI": 0.21912968499792834, 
  "lower_CI": 0.12738501543962294, 
  "mean": 0.17606122986560244
}