{
  "std": 0.024268957154893325, 
  "upper_CI": 0.26208161804188296, 
  "lower_CI": 0.16457444576543814, 
  "mean": 0.212996402582697
}