{
  "upper_CI": 11.764705882352942, 
  "lower_CI": -11.764705882352942, 
  "mean": 0.076693673582684876
}