{
  "upper_CI": 10.1010101010101, 
  "lower_CI": -9.7165991902834, 
  "mean": -0.061221965744213847
}