{
  "upper_CI": 11.11111111111111, 
  "lower_CI": -11.808118081180812, 
  "mean": 0.095174531122467987
}