{
  "upper_CI": 9.411764705882353, 
  "lower_CI": -9.900990099009901, 
  "mean": -0.1096278078335368
}