{
  "upper_CI": 9.67741935483871, 
  "lower_CI": -10.141987829614605, 
  "mean": -0.25937928744316691
}