{
  "upper_CI": 10.256410256410257, 
  "lower_CI": -10.642201834862385, 
  "mean": -0.0267787509659317
}