{
  "upper_CI": 13.438735177865613, 
  "lower_CI": -13.592233009708737, 
  "mean": 0.017029991437688182
}