{
  "upper_CI": 11.243611584327088, 
  "lower_CI": -11.925042589437819, 
  "mean": 0.17343911874114659
}