{
  "upper_CI": 11.475409836065573, 
  "lower_CI": -10.743801652892563, 
  "mean": 0.35884622594820448
}