{
  "upper_CI": 11.570247933884298, 
  "lower_CI": -11.382113821138212, 
  "mean": -0.24659282729865589
}