{
  "exp2.task": {
    "test1": [
      0.53781512605042014, 
      0.57563025210084029, 
      0.59663865546218486, 
      0.62605042016806722, 
      0.66806722689075626
    ], 
    "test0": [
      0.59243697478991597, 
      0.53781512605042014, 
      0.60084033613445376, 
      0.57983193277310929, 
      0.62184873949579833
    ], 
    "test3": [
      0.59663865546218486, 
      0.60924369747899154, 
      0.58403361344537819, 
      0.54201680672268904, 
      0.57983193277310929
    ], 
    "test2": [
      0.57563025210084029, 
      0.58823529411764708, 
      0.62605042016806722, 
      0.59243697478991597, 
      0.55882352941176472
    ], 
    "test4": [
      0.66806722689075626, 
      0.53781512605042014, 
      0.5714285714285714, 
      0.49579831932773111, 
      0.58403361344537819
    ]
  }, 
  "exp1.frame": [
    0.54201680672268904, 
    0.53781512605042014, 
    0.55882352941176472, 
    0.50840336134453779, 
    0.46218487394957986
  ], 
  "aggregates": {
    "exp1.frame": 0.52521008403361347, 
    "exp1.task": 0.76470588235294112, 
    "exp2.task": [
      0.65126050420168069, 
      0.6428571428571429, 
      0.68067226890756305, 
      0.5714285714285714, 
      0.5714285714285714
    ], 
    "exp2.frame": 0.53781512605042014, 
    "exp2.*": 0.62605042016806722
  }, 
  "exp2.*": [
    0.66386554621848737, 
    0.63025210084033612, 
    0.58403361344537819, 
    0.6428571428571429, 
    0.5714285714285714
  ], 
  "exp1.task": [
    0.7857142857142857, 
    0.66386554621848737, 
    0.72268907563025209, 
    0.55462184873949583, 
    0.65126050420168069
  ], 
  "exp2.frame": [
    0.61764705882352944, 
    0.53361344537815125, 
    0.54621848739495793, 
    0.50420168067226889, 
    0.55462184873949583
  ]
}