{
  "exp2.task": {
    "test1": [
      0.60084033613445376, 
      0.61764705882352944, 
      0.5714285714285714, 
      0.58823529411764708, 
      0.65546218487394958
    ], 
    "test0": [
      0.6386554621848739, 
      0.5672268907563025, 
      0.58403361344537819, 
      0.58403361344537819, 
      0.60924369747899154
    ], 
    "test3": [
      0.62184873949579833, 
      0.61764705882352944, 
      0.56302521008403361, 
      0.54201680672268904, 
      0.58823529411764708
    ], 
    "test2": [
      0.58823529411764708, 
      0.5714285714285714, 
      0.60924369747899154, 
      0.58823529411764708, 
      0.56302521008403361
    ], 
    "test4": [
      0.62605042016806722, 
      0.58823529411764708, 
      0.61764705882352944, 
      0.58823529411764708, 
      0.60924369747899154
    ]
  }, 
  "exp1.frame": [
    0.5672268907563025, 
    0.55042016806722693, 
    0.53361344537815125, 
    0.5, 
    0.43697478991596639
  ], 
  "aggregates": {
    "exp1.frame": 0.5, 
    "exp1.task": 0.76890756302521013, 
    "exp2.task": [
      0.65966386554621848, 
      0.63445378151260501, 
      0.6428571428571429, 
      0.56302521008403361, 
      0.65546218487394958
    ], 
    "exp2.frame": 0.5714285714285714, 
    "exp2.*": 0.71008403361344541
  }, 
  "exp2.*": [
    0.71008403361344541, 
    0.65546218487394958, 
    0.55042016806722693, 
    0.6428571428571429, 
    0.61344537815126055
  ], 
  "exp1.task": [
    0.76890756302521013, 
    0.69327731092436973, 
    0.66806722689075626, 
    0.54201680672268904, 
    0.6386554621848739
  ], 
  "exp2.frame": [
    0.61344537815126055, 
    0.55882352941176472, 
    0.54201680672268904, 
    0.52521008403361347, 
    0.47899159663865548
  ]
}