{
  "exp2.task": {
    "test1": [
      0.57563025210084029, 
      0.63025210084033612, 
      0.53781512605042014, 
      0.63025210084033612, 
      0.68067226890756305
    ], 
    "test0": [
      0.61344537815126055, 
      0.54621848739495793, 
      0.60084033613445376, 
      0.55882352941176472, 
      0.5714285714285714
    ], 
    "test3": [
      0.6470588235294118, 
      0.57983193277310929, 
      0.57983193277310929, 
      0.56302521008403361, 
      0.58823529411764708
    ], 
    "test2": [
      0.5672268907563025, 
      0.55042016806722693, 
      0.59243697478991597, 
      0.55042016806722693, 
      0.55042016806722693
    ], 
    "test4": [
      0.60924369747899154, 
      0.55042016806722693, 
      0.58403361344537819, 
      0.53781512605042014, 
      0.55882352941176472
    ]
  }, 
  "exp1.frame": [
    0.55882352941176472, 
    0.54621848739495793, 
    0.52521008403361347, 
    0.52941176470588236, 
    0.44537815126050423
  ], 
  "aggregates": {
    "exp1.frame": 0.53361344537815125, 
    "exp1.task": 0.77310924369747902, 
    "exp2.task": [
      0.67226890756302526, 
      0.59663865546218486, 
      0.66806722689075626, 
      0.63445378151260501, 
      0.60504201680672265
    ], 
    "exp2.frame": 0.52941176470588236, 
    "exp2.*": 0.68067226890756305
  }, 
  "exp2.*": [
    0.7142857142857143, 
    0.60504201680672265, 
    0.57983193277310929, 
    0.63445378151260501, 
    0.61764705882352944
  ], 
  "exp1.task": [
    0.76050420168067223, 
    0.65546218487394958, 
    0.68907563025210083, 
    0.56302521008403361, 
    0.6470588235294118
  ], 
  "exp2.frame": [
    0.59663865546218486, 
    0.54201680672268904, 
    0.54621848739495793, 
    0.58823529411764708, 
    0.44537815126050423
  ]
}