{
  "exp2.task": {
    "test1": [
      0.57563025210084029, 
      0.56302521008403361, 
      0.59243697478991597, 
      0.63025210084033612, 
      0.63445378151260501
    ], 
    "test0": [
      0.56302521008403361, 
      0.54201680672268904, 
      0.62184873949579833, 
      0.56302521008403361, 
      0.60504201680672265
    ], 
    "test3": [
      0.62184873949579833, 
      0.62184873949579833, 
      0.5672268907563025, 
      0.53781512605042014, 
      0.55462184873949583
    ], 
    "test2": [
      0.61344537815126055, 
      0.55882352941176472, 
      0.61764705882352944, 
      0.5714285714285714, 
      0.54201680672268904
    ], 
    "test4": [
      0.61764705882352944, 
      0.59243697478991597, 
      0.60924369747899154, 
      0.57563025210084029, 
      0.5714285714285714
    ]
  }, 
  "exp1.frame": [
    0.53781512605042014, 
    0.55882352941176472, 
    0.50840336134453779, 
    0.55042016806722693, 
    0.43697478991596639
  ], 
  "aggregates": {
    "exp1.frame": 0.52100840336134457, 
    "exp1.task": 0.79411764705882348, 
    "exp2.task": [
      0.60924369747899154, 
      0.66806722689075626, 
      0.67226890756302526, 
      0.60504201680672265, 
      0.62605042016806722
    ], 
    "exp2.frame": 0.60504201680672265, 
    "exp2.*": 0.65126050420168069
  }, 
  "exp2.*": [
    0.67647058823529416, 
    0.60084033613445376, 
    0.55462184873949583, 
    0.6428571428571429, 
    0.60504201680672265
  ], 
  "exp1.task": [
    0.75630252100840334, 
    0.67226890756302526, 
    0.69747899159663862, 
    0.60084033613445376, 
    0.66806722689075626
  ], 
  "exp2.frame": [
    0.59663865546218486, 
    0.55882352941176472, 
    0.50420168067226889, 
    0.49159663865546216, 
    0.52941176470588236
  ]
}