{
  "exp2.task": {
    "test1": [
      0.60504201680672265, 
      0.63445378151260501, 
      0.56302521008403361, 
      0.63025210084033612, 
      0.63445378151260501
    ], 
    "test0": [
      0.6470588235294118, 
      0.53781512605042014, 
      0.65126050420168069, 
      0.55042016806722693, 
      0.60504201680672265
    ], 
    "test3": [
      0.62605042016806722, 
      0.62184873949579833, 
      0.59243697478991597, 
      0.5672268907563025, 
      0.55462184873949583
    ], 
    "test2": [
      0.60924369747899154, 
      0.57563025210084029, 
      0.58823529411764708, 
      0.55462184873949583, 
      0.59663865546218486
    ], 
    "test4": [
      0.6470588235294118, 
      0.54201680672268904, 
      0.58403361344537819, 
      0.57563025210084029, 
      0.57983193277310929
    ]
  }, 
  "exp1.frame": [
    0.54201680672268904, 
    0.52521008403361347, 
    0.55462184873949583, 
    0.47058823529411764, 
    0.47478991596638653
  ], 
  "aggregates": {
    "exp1.frame": 0.51260504201680668, 
    "exp1.task": 0.7857142857142857, 
    "exp2.task": [
      0.6470588235294118, 
      0.61344537815126055, 
      0.6386554621848739, 
      0.60504201680672265, 
      0.60504201680672265
    ], 
    "exp2.frame": 0.50840336134453779, 
    "exp2.*": 0.68907563025210083
  }, 
  "exp2.*": [
    0.67647058823529416, 
    0.62184873949579833, 
    0.52521008403361347, 
    0.68067226890756305, 
    0.61764705882352944
  ], 
  "exp1.task": [
    0.77310924369747902, 
    0.67647058823529416, 
    0.69327731092436973, 
    0.56302521008403361, 
    0.6470588235294118
  ], 
  "exp2.frame": [
    0.61764705882352944, 
    0.57983193277310929, 
    0.54621848739495793, 
    0.55882352941176472, 
    0.48319327731092437
  ]
}