{
  "exp2.task": {
    "test1": [
      0.57983193277310929, 
      0.60504201680672265, 
      0.60084033613445376, 
      0.6428571428571429, 
      0.67226890756302526
    ], 
    "test0": [
      0.63025210084033612, 
      0.52100840336134457, 
      0.60084033613445376, 
      0.59243697478991597, 
      0.60504201680672265
    ], 
    "test3": [
      0.6470588235294118, 
      0.58403361344537819, 
      0.57983193277310929, 
      0.52521008403361347, 
      0.54621848739495793
    ], 
    "test2": [
      0.61344537815126055, 
      0.5714285714285714, 
      0.57563025210084029, 
      0.57563025210084029, 
      0.52941176470588236
    ], 
    "test4": [
      0.65126050420168069, 
      0.5714285714285714, 
      0.60504201680672265, 
      0.52521008403361347, 
      0.53361344537815125
    ]
  }, 
  "exp1.frame": [
    0.55462184873949583, 
    0.54621848739495793, 
    0.53781512605042014, 
    0.47899159663865548, 
    0.44957983193277312
  ], 
  "aggregates": {
    "exp1.frame": 0.52521008403361347, 
    "exp1.task": 0.77731092436974791, 
    "exp2.task": [
      0.63025210084033612, 
      0.61764705882352944, 
      0.61764705882352944, 
      0.61764705882352944, 
      0.62184873949579833
    ], 
    "exp2.frame": 0.54201680672268904, 
    "exp2.*": 0.69327731092436973
  }, 
  "exp2.*": [
    0.67647058823529416, 
    0.66386554621848737, 
    0.52521008403361347, 
    0.6470588235294118, 
    0.6470588235294118
  ], 
  "exp1.task": [
    0.78151260504201681, 
    0.69327731092436973, 
    0.70168067226890751, 
    0.57983193277310929, 
    0.65546218487394958
  ], 
  "exp2.frame": [
    0.54621848739495793, 
    0.58823529411764708, 
    0.53781512605042014, 
    0.53781512605042014, 
    0.49579831932773111
  ]
}