{
  "exp2.task": {
    "test1": [
      0.55462184873949583, 
      0.55882352941176472, 
      0.57983193277310929, 
      0.61344537815126055, 
      0.62605042016806722
    ], 
    "test0": [
      0.60084033613445376, 
      0.54201680672268904, 
      0.57563025210084029, 
      0.59243697478991597, 
      0.60924369747899154
    ], 
    "test3": [
      0.62184873949579833, 
      0.6386554621848739, 
      0.5714285714285714, 
      0.58403361344537819, 
      0.55042016806722693
    ], 
    "test2": [
      0.60084033613445376, 
      0.56302521008403361, 
      0.60504201680672265, 
      0.51680672268907568, 
      0.61344537815126055
    ], 
    "test4": [
      0.66386554621848737, 
      0.59243697478991597, 
      0.56302521008403361, 
      0.52521008403361347, 
      0.60084033613445376
    ]
  }, 
  "exp1.frame": [
    0.54621848739495793, 
    0.56302521008403361, 
    0.53361344537815125, 
    0.49159663865546216, 
    0.47058823529411764
  ], 
  "aggregates": {
    "exp1.frame": 0.51260504201680668, 
    "exp1.task": 0.78991596638655459, 
    "exp2.task": [
      0.63445378151260501, 
      0.6428571428571429, 
      0.69327731092436973, 
      0.59243697478991597, 
      0.60084033613445376
    ], 
    "exp2.frame": 0.53361344537815125, 
    "exp2.*": 0.66386554621848737
  }, 
  "exp2.*": [
    0.68067226890756305, 
    0.63025210084033612, 
    0.57563025210084029, 
    0.65966386554621848, 
    0.60924369747899154
  ], 
  "exp1.task": [
    0.77310924369747902, 
    0.69747899159663862, 
    0.70588235294117652, 
    0.51260504201680668, 
    0.6386554621848739
  ], 
  "exp2.frame": [
    0.60924369747899154, 
    0.44957983193277312, 
    0.47899159663865548, 
    0.48319327731092437, 
    0.52521008403361347
  ]
}