{
  "exp2.task": {
    "test1": [
      0.57983193277310929, 
      0.60924369747899154, 
      0.59243697478991597, 
      0.60504201680672265, 
      0.6470588235294118
    ], 
    "test0": [
      0.5714285714285714, 
      0.53361344537815125, 
      0.63025210084033612, 
      0.58403361344537819, 
      0.57983193277310929
    ], 
    "test3": [
      0.61764705882352944, 
      0.59243697478991597, 
      0.58823529411764708, 
      0.56302521008403361, 
      0.52941176470588236
    ], 
    "test2": [
      0.59663865546218486, 
      0.58403361344537819, 
      0.62605042016806722, 
      0.5672268907563025, 
      0.56302521008403361
    ], 
    "test4": [
      0.6470588235294118, 
      0.55462184873949583, 
      0.57983193277310929, 
      0.57983193277310929, 
      0.60504201680672265
    ]
  }, 
  "exp1.frame": [
    0.52100840336134457, 
    0.48319327731092437, 
    0.57563025210084029, 
    0.53361344537815125, 
    0.47058823529411764
  ], 
  "aggregates": {
    "exp1.frame": 0.49579831932773111, 
    "exp1.task": 0.7857142857142857, 
    "exp2.task": [
      0.60924369747899154, 
      0.67226890756302526, 
      0.61344537815126055, 
      0.6386554621848739, 
      0.58403361344537819
    ], 
    "exp2.frame": 0.55462184873949583, 
    "exp2.*": 0.67226890756302526
  }, 
  "exp2.*": [
    0.70588235294117652, 
    0.6386554621848739, 
    0.62184873949579833, 
    0.68067226890756305, 
    0.59243697478991597
  ], 
  "exp1.task": [
    0.76470588235294112, 
    0.68067226890756305, 
    0.6470588235294118, 
    0.55042016806722693, 
    0.62184873949579833
  ], 
  "exp2.frame": [
    0.61764705882352944, 
    0.52100840336134457, 
    0.52941176470588236, 
    0.55042016806722693, 
    0.54201680672268904
  ]
}