{
  "exp2.task": {
    "test1": [
      0.60084033613445376, 
      0.57983193277310929, 
      0.55042016806722693, 
      0.61344537815126055, 
      0.61344537815126055
    ], 
    "test0": [
      0.63445378151260501, 
      0.53361344537815125, 
      0.59243697478991597, 
      0.5714285714285714, 
      0.57983193277310929
    ], 
    "test3": [
      0.63025210084033612, 
      0.62184873949579833, 
      0.51260504201680668, 
      0.58823529411764708, 
      0.52941176470588236
    ], 
    "test2": [
      0.57563025210084029, 
      0.59663865546218486, 
      0.60504201680672265, 
      0.54621848739495793, 
      0.60504201680672265
    ], 
    "test4": [
      0.6470588235294118, 
      0.63025210084033612, 
      0.54621848739495793, 
      0.57983193277310929, 
      0.59663865546218486
    ]
  }, 
  "exp1.frame": [
    0.53361344537815125, 
    0.50840336134453779, 
    0.51680672268907568, 
    0.52941176470588236, 
    0.47058823529411764
  ], 
  "aggregates": {
    "exp1.frame": 0.50420168067226889, 
    "exp1.task": 0.7857142857142857, 
    "exp2.task": [
      0.65546218487394958, 
      0.62184873949579833, 
      0.63445378151260501, 
      0.61344537815126055, 
      0.5672268907563025
    ], 
    "exp2.frame": 0.51260504201680668, 
    "exp2.*": 0.68067226890756305
  }, 
  "exp2.*": [
    0.6470588235294118, 
    0.65546218487394958, 
    0.57983193277310929, 
    0.6470588235294118, 
    0.60924369747899154
  ], 
  "exp1.task": [
    0.76890756302521013, 
    0.65966386554621848, 
    0.6428571428571429, 
    0.54621848739495793, 
    0.60084033613445376
  ], 
  "exp2.frame": [
    0.60924369747899154, 
    0.57563025210084029, 
    0.50840336134453779, 
    0.47058823529411764, 
    0.55462184873949583
  ]
}