{
  "exp2.task": {
    "test1": [
      0.61764705882352944, 
      0.60084033613445376, 
      0.56302521008403361, 
      0.6428571428571429, 
      0.60504201680672265
    ], 
    "test0": [
      0.68487394957983194, 
      0.5672268907563025, 
      0.61344537815126055, 
      0.57983193277310929, 
      0.60084033613445376
    ], 
    "test3": [
      0.68487394957983194, 
      0.58823529411764708, 
      0.59243697478991597, 
      0.52100840336134457, 
      0.53781512605042014
    ], 
    "test2": [
      0.58823529411764708, 
      0.58403361344537819, 
      0.66806722689075626, 
      0.56302521008403361, 
      0.47478991596638653
    ], 
    "test4": [
      0.62184873949579833, 
      0.57563025210084029, 
      0.54201680672268904, 
      0.5, 
      0.61344537815126055
    ]
  }, 
  "exp1.frame": [
    0.5, 
    0.50420168067226889, 
    0.53781512605042014, 
    0.52941176470588236, 
    0.52521008403361347
  ], 
  "aggregates": {
    "exp1.frame": 0.48739495798319327, 
    "exp1.task": 0.76470588235294112, 
    "exp2.task": [
      0.68487394957983194, 
      0.6470588235294118, 
      0.62184873949579833, 
      0.61344537815126055, 
      0.58403361344537819
    ], 
    "exp2.frame": 0.49579831932773111, 
    "exp2.*": 0.66386554621848737
  }, 
  "exp2.*": [
    0.68907563025210083, 
    0.60504201680672265, 
    0.55462184873949583, 
    0.6470588235294118, 
    0.60504201680672265
  ], 
  "exp1.task": [
    0.76050420168067223, 
    0.67226890756302526, 
    0.6428571428571429, 
    0.56302521008403361, 
    0.63445378151260501
  ], 
  "exp2.frame": [
    0.59663865546218486, 
    0.52521008403361347, 
    0.45798319327731091, 
    0.44117647058823528, 
    0.60504201680672265
  ]
}