{
  "exp2.task": {
    "test1": [
      0.57563025210084029, 
      0.55462184873949583, 
      0.61344537815126055, 
      0.60504201680672265, 
      0.63025210084033612
    ], 
    "test0": [
      0.69327731092436973, 
      0.5672268907563025, 
      0.59243697478991597, 
      0.60504201680672265, 
      0.53361344537815125
    ], 
    "test3": [
      0.62605042016806722, 
      0.58823529411764708, 
      0.57983193277310929, 
      0.52941176470588236, 
      0.54201680672268904
    ], 
    "test2": [
      0.60504201680672265, 
      0.52941176470588236, 
      0.6428571428571429, 
      0.5672268907563025, 
      0.51680672268907568
    ], 
    "test4": [
      0.61764705882352944, 
      0.56302521008403361, 
      0.55882352941176472, 
      0.49579831932773111, 
      0.60924369747899154
    ]
  }, 
  "exp1.frame": [
    0.50420168067226889, 
    0.5, 
    0.51680672268907568, 
    0.50840336134453779, 
    0.47058823529411764
  ], 
  "aggregates": {
    "exp1.frame": 0.52521008403361347, 
    "exp1.task": 0.71848739495798319, 
    "exp2.task": [
      0.66806722689075626, 
      0.69747899159663862, 
      0.60924369747899154, 
      0.62184873949579833, 
      0.60504201680672265
    ], 
    "exp2.frame": 0.52100840336134457, 
    "exp2.*": 0.68487394957983194
  }, 
  "exp2.*": [
    0.66386554621848737, 
    0.70588235294117652, 
    0.5, 
    0.66806722689075626, 
    0.65966386554621848
  ], 
  "exp1.task": [
    0.77731092436974791, 
    0.65546218487394958, 
    0.65546218487394958, 
    0.55882352941176472, 
    0.59663865546218486
  ], 
  "exp2.frame": [
    0.5672268907563025, 
    0.5, 
    0.51260504201680668, 
    0.47899159663865548, 
    0.55882352941176472
  ]
}