{
  "exp2.task": {
    "test1": [
      0.5714285714285714, 
      0.61764705882352944, 
      0.55882352941176472, 
      0.61764705882352944, 
      0.67226890756302526
    ], 
    "test0": [
      0.66806722689075626, 
      0.57983193277310929, 
      0.54621848739495793, 
      0.63445378151260501, 
      0.50840336134453779
    ], 
    "test3": [
      0.68487394957983194, 
      0.54201680672268904, 
      0.61764705882352944, 
      0.55042016806722693, 
      0.55882352941176472
    ], 
    "test2": [
      0.59243697478991597, 
      0.52100840336134457, 
      0.54621848739495793, 
      0.52521008403361347, 
      0.58403361344537819
    ], 
    "test4": [
      0.61764705882352944, 
      0.52100840336134457, 
      0.61764705882352944, 
      0.49579831932773111, 
      0.56302521008403361
    ]
  }, 
  "exp1.frame": [
    0.48739495798319327, 
    0.55882352941176472, 
    0.56302521008403361, 
    0.47058823529411764, 
    0.44957983193277312
  ], 
  "aggregates": {
    "exp1.frame": 0.58823529411764708, 
    "exp1.task": 0.77731092436974791, 
    "exp2.task": [
      0.68067226890756305, 
      0.62605042016806722, 
      0.57983193277310929, 
      0.59663865546218486, 
      0.6386554621848739
    ], 
    "exp2.frame": 0.49579831932773111, 
    "exp2.*": 0.67647058823529416
  }, 
  "exp2.*": [
    0.66806722689075626, 
    0.62184873949579833, 
    0.57563025210084029, 
    0.67226890756302526, 
    0.63025210084033612
  ], 
  "exp1.task": [
    0.80672268907563027, 
    0.67647058823529416, 
    0.68067226890756305, 
    0.5714285714285714, 
    0.65546218487394958
  ], 
  "exp2.frame": [
    0.60504201680672265, 
    0.50840336134453779, 
    0.46218487394957986, 
    0.59663865546218486, 
    0.48319327731092437
  ]
}