{
  "exp2.task": {
    "test1": [
      0.60504201680672265, 
      0.59243697478991597, 
      0.50840336134453779, 
      0.60504201680672265, 
      0.61764705882352944
    ], 
    "test0": [
      0.6428571428571429, 
      0.61344537815126055, 
      0.58403361344537819, 
      0.52521008403361347, 
      0.62184873949579833
    ], 
    "test3": [
      0.6470588235294118, 
      0.58403361344537819, 
      0.53361344537815125, 
      0.56302521008403361, 
      0.52100840336134457
    ], 
    "test2": [
      0.5672268907563025, 
      0.58823529411764708, 
      0.53781512605042014, 
      0.5672268907563025, 
      0.62184873949579833
    ], 
    "test4": [
      0.63445378151260501, 
      0.62605042016806722, 
      0.55462184873949583, 
      0.62184873949579833, 
      0.63025210084033612
    ]
  }, 
  "exp1.frame": [
    0.54621848739495793, 
    0.45798319327731091, 
    0.52521008403361347, 
    0.52521008403361347, 
    0.49159663865546216
  ], 
  "aggregates": {
    "exp1.frame": 0.50840336134453779, 
    "exp1.task": 0.76050420168067223, 
    "exp2.task": [
      0.65966386554621848, 
      0.59663865546218486, 
      0.6428571428571429, 
      0.66386554621848737, 
      0.61764705882352944
    ], 
    "exp2.frame": 0.52100840336134457, 
    "exp2.*": 0.67226890756302526
  }, 
  "exp2.*": [
    0.71008403361344541, 
    0.65546218487394958, 
    0.58823529411764708, 
    0.63025210084033612, 
    0.62184873949579833
  ], 
  "exp1.task": [
    0.76470588235294112, 
    0.67647058823529416, 
    0.65546218487394958, 
    0.54621848739495793, 
    0.60504201680672265
  ], 
  "exp2.frame": [
    0.59243697478991597, 
    0.56302521008403361, 
    0.5, 
    0.50840336134453779, 
    0.54201680672268904
  ]
}