{
  "exp2.task": {
    "test1": [
      0.6386554621848739, 
      0.59663865546218486, 
      0.50840336134453779, 
      0.58823529411764708, 
      0.58823529411764708
    ], 
    "test0": [
      0.65126050420168069, 
      0.60084033613445376, 
      0.58823529411764708, 
      0.55042016806722693, 
      0.62184873949579833
    ], 
    "test3": [
      0.65546218487394958, 
      0.57563025210084029, 
      0.5672268907563025, 
      0.54621848739495793, 
      0.57563025210084029
    ], 
    "test2": [
      0.5714285714285714, 
      0.59243697478991597, 
      0.58403361344537819, 
      0.5672268907563025, 
      0.59663865546218486
    ], 
    "test4": [
      0.62605042016806722, 
      0.61344537815126055, 
      0.55882352941176472, 
      0.60504201680672265, 
      0.62184873949579833
    ]
  }, 
  "exp1.frame": [
    0.52941176470588236, 
    0.50840336134453779, 
    0.5672268907563025, 
    0.51260504201680668, 
    0.45378151260504201
  ], 
  "aggregates": {
    "exp1.frame": 0.48319327731092437, 
    "exp1.task": 0.76050420168067223, 
    "exp2.task": [
      0.68067226890756305, 
      0.60504201680672265, 
      0.6428571428571429, 
      0.60084033613445376, 
      0.60084033613445376
    ], 
    "exp2.frame": 0.55042016806722693, 
    "exp2.*": 0.70588235294117652
  }, 
  "exp2.*": [
    0.63445378151260501, 
    0.67647058823529416, 
    0.53361344537815125, 
    0.65126050420168069, 
    0.63025210084033612
  ], 
  "exp1.task": [
    0.73529411764705888, 
    0.6386554621848739, 
    0.63445378151260501, 
    0.53361344537815125, 
    0.61764705882352944
  ], 
  "exp2.frame": [
    0.57983193277310929, 
    0.5714285714285714, 
    0.55462184873949583, 
    0.51680672268907568, 
    0.50420168067226889
  ]
}