{
  "exp2.task": {
    "test1": [
      0.60084033613445376, 
      0.52941176470588236, 
      0.58823529411764708, 
      0.60504201680672265, 
      0.61764705882352944
    ], 
    "test0": [
      0.67226890756302526, 
      0.51260504201680668, 
      0.57563025210084029, 
      0.59663865546218486, 
      0.52941176470588236
    ], 
    "test3": [
      0.61344537815126055, 
      0.55042016806722693, 
      0.60504201680672265, 
      0.57983193277310929, 
      0.54201680672268904
    ], 
    "test2": [
      0.63025210084033612, 
      0.56302521008403361, 
      0.6428571428571429, 
      0.53781512605042014, 
      0.54201680672268904
    ], 
    "test4": [
      0.57983193277310929, 
      0.53361344537815125, 
      0.56302521008403361, 
      0.46218487394957986, 
      0.53781512605042014
    ]
  }, 
  "exp1.frame": [
    0.53781512605042014, 
    0.5714285714285714, 
    0.49159663865546216, 
    0.55882352941176472, 
    0.50840336134453779
  ], 
  "aggregates": {
    "exp1.frame": 0.57563025210084029, 
    "exp1.task": 0.73109243697478987, 
    "exp2.task": [
      0.66386554621848737, 
      0.60504201680672265, 
      0.6428571428571429, 
      0.62605042016806722, 
      0.58823529411764708
    ], 
    "exp2.frame": 0.55042016806722693, 
    "exp2.*": 0.70168067226890751
  }, 
  "exp2.*": [
    0.69747899159663862, 
    0.59663865546218486, 
    0.48739495798319327, 
    0.57563025210084029, 
    0.61344537815126055
  ], 
  "exp1.task": [
    0.78151260504201681, 
    0.69747899159663862, 
    0.69747899159663862, 
    0.5, 
    0.66386554621848737
  ], 
  "exp2.frame": [
    0.58403361344537819, 
    0.48319327731092437, 
    0.51260504201680668, 
    0.52941176470588236, 
    0.49579831932773111
  ]
}