{
  "exp2.task": {
    "test1": [
      0.59243697478991597, 
      0.60504201680672265, 
      0.50840336134453779, 
      0.60924369747899154, 
      0.6386554621848739
    ], 
    "test0": [
      0.66386554621848737, 
      0.58823529411764708, 
      0.55882352941176472, 
      0.55042016806722693, 
      0.58823529411764708
    ], 
    "test3": [
      0.62605042016806722, 
      0.58823529411764708, 
      0.58823529411764708, 
      0.60504201680672265, 
      0.51680672268907568
    ], 
    "test2": [
      0.55882352941176472, 
      0.54201680672268904, 
      0.58403361344537819, 
      0.53781512605042014, 
      0.60084033613445376
    ], 
    "test4": [
      0.63025210084033612, 
      0.60504201680672265, 
      0.53781512605042014, 
      0.60504201680672265, 
      0.61344537815126055
    ]
  }, 
  "exp1.frame": [
    0.54201680672268904, 
    0.55042016806722693, 
    0.57983193277310929, 
    0.52521008403361347, 
    0.45798319327731091
  ], 
  "aggregates": {
    "exp1.frame": 0.54201680672268904, 
    "exp1.task": 0.76890756302521013, 
    "exp2.task": [
      0.68487394957983194, 
      0.62605042016806722, 
      0.57563025210084029, 
      0.6386554621848739, 
      0.58823529411764708
    ], 
    "exp2.frame": 0.54621848739495793, 
    "exp2.*": 0.66806722689075626
  }, 
  "exp2.*": [
    0.67647058823529416, 
    0.65126050420168069, 
    0.55042016806722693, 
    0.65126050420168069, 
    0.62605042016806722
  ], 
  "exp1.task": [
    0.76470588235294112, 
    0.65966386554621848, 
    0.63025210084033612, 
    0.56302521008403361, 
    0.63025210084033612
  ], 
  "exp2.frame": [
    0.59663865546218486, 
    0.57983193277310929, 
    0.49159663865546216, 
    0.51680672268907568, 
    0.51260504201680668
  ]
}