{
  "exp2.task": {
    "test1": [
      0.6428571428571429, 
      0.62605042016806722, 
      0.55042016806722693, 
      0.59663865546218486, 
      0.58823529411764708
    ], 
    "test0": [
      0.6470588235294118, 
      0.59663865546218486, 
      0.61344537815126055, 
      0.56302521008403361, 
      0.52941176470588236
    ], 
    "test3": [
      0.6428571428571429, 
      0.52521008403361347, 
      0.59243697478991597, 
      0.60504201680672265, 
      0.52941176470588236
    ], 
    "test2": [
      0.60504201680672265, 
      0.51680672268907568, 
      0.5672268907563025, 
      0.55882352941176472, 
      0.50840336134453779
    ], 
    "test4": [
      0.63025210084033612, 
      0.54621848739495793, 
      0.58403361344537819, 
      0.54201680672268904, 
      0.59663865546218486
    ]
  }, 
  "exp1.frame": [
    0.50840336134453779, 
    0.54201680672268904, 
    0.50840336134453779, 
    0.51680672268907568, 
    0.44537815126050423
  ], 
  "aggregates": {
    "exp1.frame": 0.53361344537815125, 
    "exp1.task": 0.75210084033613445, 
    "exp2.task": [
      0.6428571428571429, 
      0.65126050420168069, 
      0.61764705882352944, 
      0.59243697478991597, 
      0.6428571428571429
    ], 
    "exp2.frame": 0.54621848739495793, 
    "exp2.*": 0.65546218487394958
  }, 
  "exp2.*": [
    0.65126050420168069, 
    0.63445378151260501, 
    0.56302521008403361, 
    0.65966386554621848, 
    0.61764705882352944
  ], 
  "exp1.task": [
    0.76890756302521013, 
    0.66806722689075626, 
    0.63445378151260501, 
    0.55882352941176472, 
    0.6470588235294118
  ], 
  "exp2.frame": [
    0.56302521008403361, 
    0.50420168067226889, 
    0.55042016806722693, 
    0.51260504201680668, 
    0.51260504201680668
  ]
}