{
  "exp2.task": {
    "test1": [
      0.60504201680672265, 
      0.57563025210084029, 
      0.56302521008403361, 
      0.60504201680672265, 
      0.61344537815126055
    ], 
    "test0": [
      0.59663865546218486, 
      0.55462184873949583, 
      0.61344537815126055, 
      0.55882352941176472, 
      0.61764705882352944
    ], 
    "test3": [
      0.6470588235294118, 
      0.6386554621848739, 
      0.57563025210084029, 
      0.55462184873949583, 
      0.5672268907563025
    ], 
    "test2": [
      0.58403361344537819, 
      0.56302521008403361, 
      0.62605042016806722, 
      0.53361344537815125, 
      0.59243697478991597
    ], 
    "test4": [
      0.62184873949579833, 
      0.63445378151260501, 
      0.60924369747899154, 
      0.55462184873949583, 
      0.60084033613445376
    ]
  }, 
  "exp1.frame": [
    0.53781512605042014, 
    0.51680672268907568, 
    0.52100840336134457, 
    0.47478991596638653, 
    0.46218487394957986
  ], 
  "aggregates": {
    "exp1.frame": 0.51680672268907568, 
    "exp1.task": 0.73949579831932777, 
    "exp2.task": [
      0.67226890756302526, 
      0.66386554621848737, 
      0.63445378151260501, 
      0.68907563025210083, 
      0.61764705882352944
    ], 
    "exp2.frame": 0.52521008403361347, 
    "exp2.*": 0.65126050420168069
  }, 
  "exp2.*": [
    0.66386554621848737, 
    0.6470588235294118, 
    0.55462184873949583, 
    0.67226890756302526, 
    0.63025210084033612
  ], 
  "exp1.task": [
    0.76470588235294112, 
    0.70588235294117652, 
    0.69327731092436973, 
    0.53361344537815125, 
    0.59243697478991597
  ], 
  "exp2.frame": [
    0.57563025210084029, 
    0.57983193277310929, 
    0.55042016806722693, 
    0.48739495798319327, 
    0.5714285714285714
  ]
}