{
  "exp2.task": {
    "test1": [
      0.56302521008403361, 
      0.60924369747899154, 
      0.52521008403361347, 
      0.54201680672268904, 
      0.63025210084033612
    ], 
    "test0": [
      0.6470588235294118, 
      0.55042016806722693, 
      0.5672268907563025, 
      0.60924369747899154, 
      0.55042016806722693
    ], 
    "test3": [
      0.65126050420168069, 
      0.54621848739495793, 
      0.60084033613445376, 
      0.49579831932773111, 
      0.5714285714285714
    ], 
    "test2": [
      0.59663865546218486, 
      0.5714285714285714, 
      0.63445378151260501, 
      0.52521008403361347, 
      0.55462184873949583
    ], 
    "test4": [
      0.62605042016806722, 
      0.54621848739495793, 
      0.57983193277310929, 
      0.5, 
      0.5672268907563025
    ]
  }, 
  "exp1.frame": [
    0.50420168067226889, 
    0.59663865546218486, 
    0.55462184873949583, 
    0.48739495798319327, 
    0.51680672268907568
  ], 
  "aggregates": {
    "exp1.frame": 0.54201680672268904, 
    "exp1.task": 0.75630252100840334, 
    "exp2.task": [
      0.6386554621848739, 
      0.61764705882352944, 
      0.61344537815126055, 
      0.61764705882352944, 
      0.6470588235294118
    ], 
    "exp2.frame": 0.54201680672268904, 
    "exp2.*": 0.69327731092436973
  }, 
  "exp2.*": [
    0.70588235294117652, 
    0.6428571428571429, 
    0.54621848739495793, 
    0.66806722689075626, 
    0.60084033613445376
  ], 
  "exp1.task": [
    0.77731092436974791, 
    0.69327731092436973, 
    0.68067226890756305, 
    0.55462184873949583, 
    0.65966386554621848
  ], 
  "exp2.frame": [
    0.58823529411764708, 
    0.55882352941176472, 
    0.4327731092436975, 
    0.5672268907563025, 
    0.43697478991596639
  ]
}