{
  "exp2.task": {
    "test1": [
      0.63445378151260501, 
      0.59243697478991597, 
      0.54621848739495793, 
      0.59663865546218486, 
      0.63025210084033612
    ], 
    "test0": [
      0.6386554621848739, 
      0.54621848739495793, 
      0.62605042016806722, 
      0.60084033613445376, 
      0.53781512605042014
    ], 
    "test3": [
      0.6470588235294118, 
      0.59663865546218486, 
      0.5672268907563025, 
      0.53781512605042014, 
      0.55462184873949583
    ], 
    "test2": [
      0.59243697478991597, 
      0.55882352941176472, 
      0.60504201680672265, 
      0.54201680672268904, 
      0.54621848739495793
    ], 
    "test4": [
      0.57983193277310929, 
      0.50420168067226889, 
      0.57563025210084029, 
      0.55882352941176472, 
      0.66806722689075626
    ]
  }, 
  "exp1.frame": [
    0.49579831932773111, 
    0.52941176470588236, 
    0.51680672268907568, 
    0.49579831932773111, 
    0.49159663865546216
  ], 
  "aggregates": {
    "exp1.frame": 0.52521008403361347, 
    "exp1.task": 0.72689075630252098, 
    "exp2.task": [
      0.66386554621848737, 
      0.6428571428571429, 
      0.62184873949579833, 
      0.62605042016806722, 
      0.57563025210084029
    ], 
    "exp2.frame": 0.54621848739495793, 
    "exp2.*": 0.6470588235294118
  }, 
  "exp2.*": [
    0.65546218487394958, 
    0.66806722689075626, 
    0.55462184873949583, 
    0.60924369747899154, 
    0.60924369747899154
  ], 
  "exp1.task": [
    0.78151260504201681, 
    0.68487394957983194, 
    0.67226890756302526, 
    0.55042016806722693, 
    0.62605042016806722
  ], 
  "exp2.frame": [
    0.56302521008403361, 
    0.47899159663865548, 
    0.47899159663865548, 
    0.46638655462184875, 
    0.52941176470588236
  ]
}