{
  "exp2.task": {
    "test1": [
      0.61764705882352944, 
      0.58403361344537819, 
      0.61764705882352944, 
      0.59663865546218486, 
      0.61764705882352944
    ], 
    "test0": [
      0.62605042016806722, 
      0.55042016806722693, 
      0.62605042016806722, 
      0.61344537815126055, 
      0.54201680672268904
    ], 
    "test3": [
      0.57563025210084029, 
      0.57983193277310929, 
      0.6428571428571429, 
      0.53361344537815125, 
      0.57563025210084029
    ], 
    "test2": [
      0.59663865546218486, 
      0.55042016806722693, 
      0.65126050420168069, 
      0.52100840336134457, 
      0.55042016806722693
    ], 
    "test4": [
      0.60924369747899154, 
      0.5672268907563025, 
      0.54201680672268904, 
      0.49159663865546216, 
      0.57563025210084029
    ]
  }, 
  "exp1.frame": [
    0.52521008403361347, 
    0.54621848739495793, 
    0.52521008403361347, 
    0.53781512605042014, 
    0.47478991596638653
  ], 
  "aggregates": {
    "exp1.frame": 0.60084033613445376, 
    "exp1.task": 0.77731092436974791, 
    "exp2.task": [
      0.66806722689075626, 
      0.61764705882352944, 
      0.67647058823529416, 
      0.60084033613445376, 
      0.59243697478991597
    ], 
    "exp2.frame": 0.56302521008403361, 
    "exp2.*": 0.65126050420168069
  }, 
  "exp2.*": [
    0.68067226890756305, 
    0.66386554621848737, 
    0.54621848739495793, 
    0.58823529411764708, 
    0.58403361344537819
  ], 
  "exp1.task": [
    0.82352941176470584, 
    0.71848739495798319, 
    0.71008403361344541, 
    0.52100840336134457, 
    0.61344537815126055
  ], 
  "exp2.frame": [
    0.58403361344537819, 
    0.5, 
    0.47899159663865548, 
    0.50420168067226889, 
    0.56302521008403361
  ]
}