{
  "exp2.task": {
    "test1": [
      0.61764705882352944, 
      0.58823529411764708, 
      0.5672268907563025, 
      0.58403361344537819, 
      0.60084033613445376
    ], 
    "test0": [
      0.67226890756302526, 
      0.54201680672268904, 
      0.60084033613445376, 
      0.59243697478991597, 
      0.56302521008403361
    ], 
    "test3": [
      0.60504201680672265, 
      0.53361344537815125, 
      0.5672268907563025, 
      0.59243697478991597, 
      0.5714285714285714
    ], 
    "test2": [
      0.59663865546218486, 
      0.56302521008403361, 
      0.61764705882352944, 
      0.55462184873949583, 
      0.52941176470588236
    ], 
    "test4": [
      0.61344537815126055, 
      0.52941176470588236, 
      0.55042016806722693, 
      0.48739495798319327, 
      0.60084033613445376
    ]
  }, 
  "exp1.frame": [
    0.53781512605042014, 
    0.5672268907563025, 
    0.54621848739495793, 
    0.44957983193277312, 
    0.47899159663865548
  ], 
  "aggregates": {
    "exp1.frame": 0.5714285714285714, 
    "exp1.task": 0.79411764705882348, 
    "exp2.task": [
      0.67647058823529416, 
      0.59663865546218486, 
      0.68067226890756305, 
      0.59243697478991597, 
      0.6428571428571429
    ], 
    "exp2.frame": 0.49159663865546216, 
    "exp2.*": 0.66386554621848737
  }, 
  "exp2.*": [
    0.68907563025210083, 
    0.67226890756302526, 
    0.54201680672268904, 
    0.61344537815126055, 
    0.58403361344537819
  ], 
  "exp1.task": [
    0.79831932773109249, 
    0.68907563025210083, 
    0.66386554621848737, 
    0.52941176470588236, 
    0.66386554621848737
  ], 
  "exp2.frame": [
    0.56302521008403361, 
    0.47899159663865548, 
    0.50420168067226889, 
    0.52100840336134457, 
    0.54621848739495793
  ]
}