{
  "exp2.task": {
    "test1": [
      0.60504201680672265, 
      0.60084033613445376, 
      0.54201680672268904, 
      0.60924369747899154, 
      0.60924369747899154
    ], 
    "test0": [
      0.65126050420168069, 
      0.59243697478991597, 
      0.59663865546218486, 
      0.56302521008403361, 
      0.60084033613445376
    ], 
    "test3": [
      0.61764705882352944, 
      0.5714285714285714, 
      0.5672268907563025, 
      0.54621848739495793, 
      0.53781512605042014
    ], 
    "test2": [
      0.62605042016806722, 
      0.53781512605042014, 
      0.55462184873949583, 
      0.54621848739495793, 
      0.52941176470588236
    ], 
    "test4": [
      0.6428571428571429, 
      0.53361344537815125, 
      0.56302521008403361, 
      0.53781512605042014, 
      0.57563025210084029
    ]
  }, 
  "exp1.frame": [
    0.48739495798319327, 
    0.55462184873949583, 
    0.53361344537815125, 
    0.48739495798319327, 
    0.47478991596638653
  ], 
  "aggregates": {
    "exp1.frame": 0.47058823529411764, 
    "exp1.task": 0.77310924369747902, 
    "exp2.task": [
      0.68067226890756305, 
      0.6428571428571429, 
      0.6470588235294118, 
      0.6428571428571429, 
      0.66386554621848737
    ], 
    "exp2.frame": 0.50420168067226889, 
    "exp2.*": 0.67226890756302526
  }, 
  "exp2.*": [
    0.68907563025210083, 
    0.66386554621848737, 
    0.57983193277310929, 
    0.62605042016806722, 
    0.59243697478991597
  ], 
  "exp1.task": [
    0.78991596638655459, 
    0.6470588235294118, 
    0.65126050420168069, 
    0.55462184873949583, 
    0.58403361344537819
  ], 
  "exp2.frame": [
    0.5714285714285714, 
    0.44117647058823528, 
    0.48739495798319327, 
    0.55042016806722693, 
    0.51680672268907568
  ]
}