{
  "exp2.task": {
    "test1": [
      0.56302521008403361, 
      0.57983193277310929, 
      0.59243697478991597, 
      0.61344537815126055, 
      0.63025210084033612
    ], 
    "test0": [
      0.62605042016806722, 
      0.53361344537815125, 
      0.58403361344537819, 
      0.62184873949579833, 
      0.57983193277310929
    ], 
    "test3": [
      0.63445378151260501, 
      0.59663865546218486, 
      0.60924369747899154, 
      0.55882352941176472, 
      0.58823529411764708
    ], 
    "test2": [
      0.60504201680672265, 
      0.55882352941176472, 
      0.62184873949579833, 
      0.55882352941176472, 
      0.52521008403361347
    ], 
    "test4": [
      0.59663865546218486, 
      0.55462184873949583, 
      0.60084033613445376, 
      0.5, 
      0.57983193277310929
    ]
  }, 
  "exp1.frame": [
    0.50420168067226889, 
    0.57563025210084029, 
    0.54621848739495793, 
    0.47899159663865548, 
    0.49579831932773111
  ], 
  "aggregates": {
    "exp1.frame": 0.51680672268907568, 
    "exp1.task": 0.73949579831932777, 
    "exp2.task": [
      0.6428571428571429, 
      0.6386554621848739, 
      0.67226890756302526, 
      0.62184873949579833, 
      0.59663865546218486
    ], 
    "exp2.frame": 0.54621848739495793, 
    "exp2.*": 0.66806722689075626
  }, 
  "exp2.*": [
    0.70168067226890751, 
    0.65126050420168069, 
    0.55462184873949583, 
    0.59243697478991597, 
    0.57563025210084029
  ], 
  "exp1.task": [
    0.78991596638655459, 
    0.68907563025210083, 
    0.70588235294117652, 
    0.53361344537815125, 
    0.6470588235294118
  ], 
  "exp2.frame": [
    0.59243697478991597, 
    0.48739495798319327, 
    0.5, 
    0.47899159663865548, 
    0.55882352941176472
  ]
}