{
  "exp2.task": {
    "test1": [
      0.59243697478991597, 
      0.61764705882352944, 
      0.58403361344537819, 
      0.63445378151260501, 
      0.68067226890756305
    ], 
    "test0": [
      0.61764705882352944, 
      0.60084033613445376, 
      0.59243697478991597, 
      0.5672268907563025, 
      0.63445378151260501
    ], 
    "test3": [
      0.61344537815126055, 
      0.58823529411764708, 
      0.56302521008403361, 
      0.53361344537815125, 
      0.53781512605042014
    ], 
    "test2": [
      0.55462184873949583, 
      0.55462184873949583, 
      0.5672268907563025, 
      0.55042016806722693, 
      0.57563025210084029
    ], 
    "test4": [
      0.65126050420168069, 
      0.62184873949579833, 
      0.57983193277310929, 
      0.55462184873949583, 
      0.57563025210084029
    ]
  }, 
  "exp1.frame": [
    0.50420168067226889, 
    0.51260504201680668, 
    0.51680672268907568, 
    0.52521008403361347, 
    0.47478991596638653
  ], 
  "aggregates": {
    "exp1.frame": 0.51260504201680668, 
    "exp1.task": 0.75630252100840334, 
    "exp2.task": [
      0.65126050420168069, 
      0.60924369747899154, 
      0.58823529411764708, 
      0.59243697478991597, 
      0.63445378151260501
    ], 
    "exp2.frame": 0.53781512605042014, 
    "exp2.*": 0.66386554621848737
  }, 
  "exp2.*": [
    0.69327731092436973, 
    0.63445378151260501, 
    0.54201680672268904, 
    0.69747899159663862, 
    0.61344537815126055
  ], 
  "exp1.task": [
    0.76890756302521013, 
    0.68907563025210083, 
    0.63025210084033612, 
    0.54621848739495793, 
    0.60084033613445376
  ], 
  "exp2.frame": [
    0.56302521008403361, 
    0.53361344537815125, 
    0.55042016806722693, 
    0.55882352941176472, 
    0.49579831932773111
  ]
}