{
  "exp2.task": {
    "test1": [
      0.61344537815126055, 
      0.55042016806722693, 
      0.58403361344537819, 
      0.66806722689075626, 
      0.59243697478991597
    ], 
    "test0": [
      0.67647058823529416, 
      0.58403361344537819, 
      0.60924369747899154, 
      0.60084033613445376, 
      0.55462184873949583
    ], 
    "test3": [
      0.6386554621848739, 
      0.62184873949579833, 
      0.58403361344537819, 
      0.54621848739495793, 
      0.55462184873949583
    ], 
    "test2": [
      0.60924369747899154, 
      0.57983193277310929, 
      0.6428571428571429, 
      0.57983193277310929, 
      0.52100840336134457
    ], 
    "test4": [
      0.6428571428571429, 
      0.54201680672268904, 
      0.52521008403361347, 
      0.51680672268907568, 
      0.59243697478991597
    ]
  }, 
  "exp1.frame": [
    0.50840336134453779, 
    0.53361344537815125, 
    0.50420168067226889, 
    0.49579831932773111, 
    0.47478991596638653
  ], 
  "aggregates": {
    "exp1.frame": 0.52100840336134457, 
    "exp1.task": 0.76470588235294112, 
    "exp2.task": [
      0.6428571428571429, 
      0.61344537815126055, 
      0.63445378151260501, 
      0.63025210084033612, 
      0.60504201680672265
    ], 
    "exp2.frame": 0.49159663865546216, 
    "exp2.*": 0.66806722689075626
  }, 
  "exp2.*": [
    0.68487394957983194, 
    0.6386554621848739, 
    0.60504201680672265, 
    0.62184873949579833, 
    0.59243697478991597
  ], 
  "exp1.task": [
    0.77310924369747902, 
    0.6470588235294118, 
    0.63025210084033612, 
    0.54621848739495793, 
    0.62184873949579833
  ], 
  "exp2.frame": [
    0.53361344537815125, 
    0.50420168067226889, 
    0.50420168067226889, 
    0.45378151260504201, 
    0.55042016806722693
  ]
}