{
  "exp2.task": {
    "test1": [
      0.62184873949579833, 
      0.58823529411764708, 
      0.5714285714285714, 
      0.58823529411764708, 
      0.63025210084033612
    ], 
    "test0": [
      0.72268907563025209, 
      0.5714285714285714, 
      0.59243697478991597, 
      0.5672268907563025, 
      0.52100840336134457
    ], 
    "test3": [
      0.65546218487394958, 
      0.5714285714285714, 
      0.54201680672268904, 
      0.55462184873949583, 
      0.51260504201680668
    ], 
    "test2": [
      0.61764705882352944, 
      0.59663865546218486, 
      0.62184873949579833, 
      0.51260504201680668, 
      0.53361344537815125
    ], 
    "test4": [
      0.65546218487394958, 
      0.54621848739495793, 
      0.5672268907563025, 
      0.54621848739495793, 
      0.56302521008403361
    ]
  }, 
  "exp1.frame": [
    0.52100840336134457, 
    0.5714285714285714, 
    0.51680672268907568, 
    0.54201680672268904, 
    0.44117647058823528
  ], 
  "aggregates": {
    "exp1.frame": 0.55462184873949583, 
    "exp1.task": 0.74789915966386555, 
    "exp2.task": [
      0.65126050420168069, 
      0.60504201680672265, 
      0.65966386554621848, 
      0.60924369747899154, 
      0.63445378151260501
    ], 
    "exp2.frame": 0.51680672268907568, 
    "exp2.*": 0.60504201680672265
  }, 
  "exp2.*": [
    0.68487394957983194, 
    0.68067226890756305, 
    0.54201680672268904, 
    0.67647058823529416, 
    0.54201680672268904
  ], 
  "exp1.task": [
    0.78151260504201681, 
    0.66806722689075626, 
    0.6386554621848739, 
    0.5672268907563025, 
    0.60504201680672265
  ], 
  "exp2.frame": [
    0.55462184873949583, 
    0.51680672268907568, 
    0.51260504201680668, 
    0.51680672268907568, 
    0.48319327731092437
  ]
}