{
  "exp2.task": {
    "test1": [
      0.59243697478991597, 
      0.60084033613445376, 
      0.54201680672268904, 
      0.57563025210084029, 
      0.61764705882352944
    ], 
    "test0": [
      0.65126050420168069, 
      0.52100840336134457, 
      0.5672268907563025, 
      0.62184873949579833, 
      0.58823529411764708
    ], 
    "test3": [
      0.6470588235294118, 
      0.5714285714285714, 
      0.61764705882352944, 
      0.52941176470588236, 
      0.56302521008403361
    ], 
    "test2": [
      0.62184873949579833, 
      0.55042016806722693, 
      0.57563025210084029, 
      0.53781512605042014, 
      0.55882352941176472
    ], 
    "test4": [
      0.61344537815126055, 
      0.5714285714285714, 
      0.58403361344537819, 
      0.5, 
      0.59243697478991597
    ]
  }, 
  "exp1.frame": [
    0.51680672268907568, 
    0.59663865546218486, 
    0.5672268907563025, 
    0.5, 
    0.47899159663865548
  ], 
  "aggregates": {
    "exp1.frame": 0.52100840336134457, 
    "exp1.task": 0.75210084033613445, 
    "exp2.task": [
      0.66806722689075626, 
      0.62184873949579833, 
      0.63025210084033612, 
      0.60924369747899154, 
      0.61344537815126055
    ], 
    "exp2.frame": 0.55042016806722693, 
    "exp2.*": 0.6470588235294118
  }, 
  "exp2.*": [
    0.68907563025210083, 
    0.68907563025210083, 
    0.54621848739495793, 
    0.67647058823529416, 
    0.58823529411764708
  ], 
  "exp1.task": [
    0.77731092436974791, 
    0.73109243697478987, 
    0.70168067226890751, 
    0.56302521008403361, 
    0.65126050420168069
  ], 
  "exp2.frame": [
    0.55462184873949583, 
    0.57983193277310929, 
    0.53781512605042014, 
    0.54621848739495793, 
    0.50840336134453779
  ]
}