{
  "exp2.task": {
    "test1": [
      0.58823529411764708, 
      0.53781512605042014, 
      0.57563025210084029, 
      0.59243697478991597, 
      0.6386554621848739
    ], 
    "test0": [
      0.65546218487394958, 
      0.53361344537815125, 
      0.5714285714285714, 
      0.60924369747899154, 
      0.5714285714285714
    ], 
    "test3": [
      0.61764705882352944, 
      0.52100840336134457, 
      0.63445378151260501, 
      0.53361344537815125, 
      0.59663865546218486
    ], 
    "test2": [
      0.61764705882352944, 
      0.58823529411764708, 
      0.63445378151260501, 
      0.54621848739495793, 
      0.55882352941176472
    ], 
    "test4": [
      0.60924369747899154, 
      0.51260504201680668, 
      0.58403361344537819, 
      0.46638655462184875, 
      0.55042016806722693
    ]
  }, 
  "exp1.frame": [
    0.52521008403361347, 
    0.54621848739495793, 
    0.52100840336134457, 
    0.54201680672268904, 
    0.46218487394957986
  ], 
  "aggregates": {
    "exp1.frame": 0.58403361344537819, 
    "exp1.task": 0.77310924369747902, 
    "exp2.task": [
      0.6386554621848739, 
      0.62184873949579833, 
      0.66386554621848737, 
      0.65126050420168069, 
      0.61344537815126055
    ], 
    "exp2.frame": 0.56302521008403361, 
    "exp2.*": 0.65966386554621848
  }, 
  "exp2.*": [
    0.68907563025210083, 
    0.6386554621848739, 
    0.49579831932773111, 
    0.62605042016806722, 
    0.5672268907563025
  ], 
  "exp1.task": [
    0.79411764705882348, 
    0.68907563025210083, 
    0.68907563025210083, 
    0.56302521008403361, 
    0.66806722689075626
  ], 
  "exp2.frame": [
    0.57563025210084029, 
    0.53361344537815125, 
    0.50420168067226889, 
    0.5, 
    0.51260504201680668
  ]
}