{
  "exp2.task": {
    "test1": [
      0.57563025210084029, 
      0.58823529411764708, 
      0.57563025210084029, 
      0.57563025210084029, 
      0.58823529411764708
    ], 
    "test0": [
      0.5714285714285714, 
      0.53361344537815125, 
      0.60084033613445376, 
      0.59663865546218486, 
      0.60084033613445376
    ], 
    "test3": [
      0.60504201680672265, 
      0.58403361344537819, 
      0.5672268907563025, 
      0.58403361344537819, 
      0.53361344537815125
    ], 
    "test2": [
      0.60504201680672265, 
      0.58403361344537819, 
      0.57983193277310929, 
      0.55462184873949583, 
      0.57983193277310929
    ], 
    "test4": [
      0.63025210084033612, 
      0.60084033613445376, 
      0.59663865546218486, 
      0.5672268907563025, 
      0.57563025210084029
    ]
  }, 
  "exp1.frame": [
    0.57983193277310929, 
    0.53781512605042014, 
    0.60504201680672265, 
    0.50420168067226889, 
    0.40756302521008403
  ], 
  "aggregates": {
    "exp1.frame": 0.49579831932773111, 
    "exp1.task": 0.78151260504201681, 
    "exp2.task": [
      0.6386554621848739, 
      0.61344537815126055, 
      0.65966386554621848, 
      0.6428571428571429, 
      0.58403361344537819
    ], 
    "exp2.frame": 0.5714285714285714, 
    "exp2.*": 0.6428571428571429
  }, 
  "exp2.*": [
    0.68487394957983194, 
    0.66806722689075626, 
    0.53361344537815125, 
    0.65546218487394958, 
    0.61764705882352944
  ], 
  "exp1.task": [
    0.78151260504201681, 
    0.68487394957983194, 
    0.71008403361344541, 
    0.54621848739495793, 
    0.63445378151260501
  ], 
  "exp2.frame": [
    0.5714285714285714, 
    0.49159663865546216, 
    0.54621848739495793, 
    0.55042016806722693, 
    0.54201680672268904
  ]
}