{
  "exp2.task": {
    "test1": [
      0.60504201680672265, 
      0.60924369747899154, 
      0.54201680672268904, 
      0.60924369747899154, 
      0.6470588235294118
    ], 
    "test0": [
      0.65126050420168069, 
      0.54201680672268904, 
      0.63025210084033612, 
      0.55462184873949583, 
      0.53361344537815125
    ], 
    "test3": [
      0.60924369747899154, 
      0.55462184873949583, 
      0.58823529411764708, 
      0.55462184873949583, 
      0.5672268907563025
    ], 
    "test2": [
      0.58403361344537819, 
      0.55462184873949583, 
      0.63025210084033612, 
      0.55042016806722693, 
      0.52941176470588236
    ], 
    "test4": [
      0.59663865546218486, 
      0.55462184873949583, 
      0.53361344537815125, 
      0.57563025210084029, 
      0.61764705882352944
    ]
  }, 
  "exp1.frame": [
    0.46218487394957986, 
    0.51260504201680668, 
    0.54621848739495793, 
    0.50420168067226889, 
    0.45798319327731091
  ], 
  "aggregates": {
    "exp1.frame": 0.52100840336134457, 
    "exp1.task": 0.76470588235294112, 
    "exp2.task": [
      0.63445378151260501, 
      0.65126050420168069, 
      0.60504201680672265, 
      0.67226890756302526, 
      0.62605042016806722
    ], 
    "exp2.frame": 0.52521008403361347, 
    "exp2.*": 0.69327731092436973
  }, 
  "exp2.*": [
    0.66806722689075626, 
    0.63445378151260501, 
    0.52941176470588236, 
    0.58823529411764708, 
    0.63025210084033612
  ], 
  "exp1.task": [
    0.78151260504201681, 
    0.66806722689075626, 
    0.61764705882352944, 
    0.55462184873949583, 
    0.62605042016806722
  ], 
  "exp2.frame": [
    0.57983193277310929, 
    0.5714285714285714, 
    0.49579831932773111, 
    0.52941176470588236, 
    0.52941176470588236
  ]
}