{
  "exp2.task": {
    "test1": [
      0.592436974789916, 
      0.6092436974789915, 
      0.5882352941176471, 
      0.5672268907563025, 
      0.6470588235294118
    ], 
    "test0": [
      0.6218487394957983, 
      0.5126050420168067, 
      0.5714285714285714, 
      0.592436974789916, 
      0.5714285714285714
    ], 
    "test3": [
      0.6176470588235294, 
      0.6092436974789915, 
      0.5672268907563025, 
      0.4957983193277311, 
      0.5504201680672269
    ], 
    "test2": [
      0.5840336134453782, 
      0.5882352941176471, 
      0.6386554621848739, 
      0.5714285714285714, 
      0.592436974789916
    ], 
    "test4": [
      0.592436974789916, 
      0.5840336134453782, 
      0.5252100840336135, 
      0.5042016806722689, 
      0.6050420168067226
    ]
  }, 
  "exp1.frame": [
    0.5336134453781513, 
    0.5378151260504201, 
    0.5378151260504201, 
    0.5168067226890757, 
    0.5210084033613446
  ], 
  "aggregates": {
    "exp1.frame": 0.542016806722689, 
    "exp1.task": 0.7478991596638656, 
    "exp2.task": [
      0.6680672268907563, 
      0.6218487394957983, 
      0.6638655462184874, 
      0.6680672268907563, 
      0.6050420168067226
    ], 
    "exp2.frame": 0.5294117647058824, 
    "exp2.*": 0.7058823529411765
  }, 
  "exp2.*": [
    0.6680672268907563, 
    0.6134453781512605, 
    0.5126050420168067, 
    0.6470588235294118, 
    0.6176470588235294
  ], 
  "exp1.task": [
    0.7310924369747899, 
    0.6554621848739496, 
    0.7184873949579832, 
    0.6008403361344538, 
    0.6302521008403361
  ], 
  "exp2.frame": [
    0.5714285714285714, 
    0.5546218487394958, 
    0.5378151260504201, 
    0.5378151260504201, 
    0.5504201680672269
  ]
}