{
  "exp2.task": {
    "test1": [
      0.5798319327731093, 
      0.6302521008403361, 
      0.5966386554621849, 
      0.5672268907563025, 
      0.6722689075630253
    ], 
    "test0": [
      0.6386554621848739, 
      0.5630252100840336, 
      0.5798319327731093, 
      0.5798319327731093, 
      0.5756302521008403
    ], 
    "test3": [
      0.6638655462184874, 
      0.5966386554621849, 
      0.5378151260504201, 
      0.5588235294117647, 
      0.6092436974789915
    ], 
    "test2": [
      0.5462184873949579, 
      0.6092436974789915, 
      0.5714285714285714, 
      0.5714285714285714, 
      0.49159663865546216
    ], 
    "test4": [
      0.6050420168067226, 
      0.5378151260504201, 
      0.6092436974789915, 
      0.5210084033613446, 
      0.5546218487394958
    ]
  }, 
  "exp1.frame": [
    0.5504201680672269, 
    0.5630252100840336, 
    0.5168067226890757, 
    0.5084033613445378, 
    0.5
  ], 
  "aggregates": {
    "exp1.frame": 0.5462184873949579, 
    "exp1.task": 0.7100840336134454, 
    "exp2.task": [
      0.6596638655462185, 
      0.6176470588235294, 
      0.6596638655462185, 
      0.680672268907563, 
      0.592436974789916
    ], 
    "exp2.frame": 0.5756302521008403, 
    "exp2.*": 0.6722689075630253
  }, 
  "exp2.*": [
    0.6638655462184874, 
    0.6260504201680672, 
    0.6050420168067226, 
    0.6680672268907563, 
    0.6218487394957983
  ], 
  "exp1.task": [
    0.7478991596638656, 
    0.6386554621848739, 
    0.6470588235294118, 
    0.5798319327731093, 
    0.6092436974789915
  ], 
  "exp2.frame": [
    0.5840336134453782, 
    0.5756302521008403, 
    0.5084033613445378, 
    0.542016806722689, 
    0.47478991596638653
  ]
}