{
  "exp2.task": {
    "test1": [
      0.6260504201680672, 
      0.6176470588235294, 
      0.542016806722689, 
      0.6260504201680672, 
      0.6428571428571429
    ], 
    "test0": [
      0.6386554621848739, 
      0.5588235294117647, 
      0.5798319327731093, 
      0.5084033613445378, 
      0.5882352941176471
    ], 
    "test3": [
      0.6722689075630253, 
      0.6428571428571429, 
      0.5630252100840336, 
      0.5714285714285714, 
      0.6050420168067226
    ], 
    "test2": [
      0.5672268907563025, 
      0.592436974789916, 
      0.5840336134453782, 
      0.5210084033613446, 
      0.5588235294117647
    ], 
    "test4": [
      0.6008403361344538, 
      0.6134453781512605, 
      0.6302521008403361, 
      0.5588235294117647, 
      0.5882352941176471
    ]
  }, 
  "exp1.frame": [
    0.5084033613445378, 
    0.5504201680672269, 
    0.5630252100840336, 
    0.5, 
    0.47058823529411764
  ], 
  "aggregates": {
    "exp1.frame": 0.5588235294117647, 
    "exp1.task": 0.7352941176470589, 
    "exp2.task": [
      0.6638655462184874, 
      0.6260504201680672, 
      0.680672268907563, 
      0.6764705882352942, 
      0.6134453781512605
    ], 
    "exp2.frame": 0.5504201680672269, 
    "exp2.*": 0.7016806722689075
  }, 
  "exp2.*": [
    0.7184873949579832, 
    0.6554621848739496, 
    0.6050420168067226, 
    0.7142857142857143, 
    0.6428571428571429
  ], 
  "exp1.task": [
    0.773109243697479, 
    0.6722689075630253, 
    0.6386554621848739, 
    0.5504201680672269, 
    0.6722689075630253
  ], 
  "exp2.frame": [
    0.5882352941176471, 
    0.5756302521008403, 
    0.5252100840336135, 
    0.5546218487394958, 
    0.4957983193277311
  ]
}