{
  "exp2.task": {
    "test1": [
      0.6008403361344538, 
      0.6050420168067226, 
      0.5966386554621849, 
      0.592436974789916, 
      0.6596638655462185
    ], 
    "test0": [
      0.6428571428571429, 
      0.5672268907563025, 
      0.592436974789916, 
      0.5756302521008403, 
      0.5546218487394958
    ], 
    "test3": [
      0.6890756302521008, 
      0.6596638655462185, 
      0.5840336134453782, 
      0.5462184873949579, 
      0.6092436974789915
    ], 
    "test2": [
      0.592436974789916, 
      0.5882352941176471, 
      0.592436974789916, 
      0.5756302521008403, 
      0.6050420168067226
    ], 
    "test4": [
      0.6008403361344538, 
      0.5798319327731093, 
      0.592436974789916, 
      0.4789915966386555, 
      0.5840336134453782
    ]
  }, 
  "exp1.frame": [
    0.5672268907563025, 
    0.5168067226890757, 
    0.5504201680672269, 
    0.4495798319327731, 
    0.46638655462184875
  ], 
  "aggregates": {
    "exp1.frame": 0.5672268907563025, 
    "exp1.task": 0.7184873949579832, 
    "exp2.task": [
      0.6596638655462185, 
      0.6302521008403361, 
      0.6638655462184874, 
      0.6890756302521008, 
      0.6218487394957983
    ], 
    "exp2.frame": 0.5504201680672269, 
    "exp2.*": 0.7142857142857143
  }, 
  "exp2.*": [
    0.6890756302521008, 
    0.6848739495798319, 
    0.5378151260504201, 
    0.6680672268907563, 
    0.5756302521008403
  ], 
  "exp1.task": [
    0.773109243697479, 
    0.6554621848739496, 
    0.6722689075630253, 
    0.592436974789916, 
    0.6680672268907563
  ], 
  "exp2.frame": [
    0.5714285714285714, 
    0.5630252100840336, 
    0.4957983193277311, 
    0.5126050420168067, 
    0.5210084033613446
  ]
}