{
  "exp2.task": {
    "test1": [
      0.5966386554621849, 
      0.5966386554621849, 
      0.5630252100840336, 
      0.592436974789916, 
      0.6050420168067226
    ], 
    "test0": [
      0.6176470588235294, 
      0.5630252100840336, 
      0.5966386554621849, 
      0.5840336134453782, 
      0.5588235294117647
    ], 
    "test3": [
      0.6050420168067226, 
      0.6554621848739496, 
      0.5798319327731093, 
      0.5294117647058824, 
      0.5630252100840336
    ], 
    "test2": [
      0.6008403361344538, 
      0.5882352941176471, 
      0.5966386554621849, 
      0.5882352941176471, 
      0.5882352941176471
    ], 
    "test4": [
      0.6092436974789915, 
      0.5672268907563025, 
      0.5882352941176471, 
      0.5336134453781513, 
      0.6008403361344538
    ]
  }, 
  "exp1.frame": [
    0.5462184873949579, 
    0.5504201680672269, 
    0.5336134453781513, 
    0.5168067226890757, 
    0.46638655462184875
  ], 
  "aggregates": {
    "exp1.frame": 0.5294117647058824, 
    "exp1.task": 0.7184873949579832, 
    "exp2.task": [
      0.680672268907563, 
      0.634453781512605, 
      0.6680672268907563, 
      0.6680672268907563, 
      0.6092436974789915
    ], 
    "exp2.frame": 0.5672268907563025, 
    "exp2.*": 0.7058823529411765
  }, 
  "exp2.*": [
    0.6890756302521008, 
    0.6386554621848739, 
    0.4789915966386555, 
    0.6890756302521008, 
    0.592436974789916
  ], 
  "exp1.task": [
    0.773109243697479, 
    0.6932773109243697, 
    0.6554621848739496, 
    0.5546218487394958, 
    0.6092436974789915
  ], 
  "exp2.frame": [
    0.542016806722689, 
    0.5504201680672269, 
    0.4957983193277311, 
    0.5714285714285714, 
    0.4957983193277311
  ]
}