{
  "exp2.task": {
    "test1": [
      0.6092436974789915, 
      0.5966386554621849, 
      0.5588235294117647, 
      0.6428571428571429, 
      0.6554621848739496
    ], 
    "test0": [
      0.5798319327731093, 
      0.5798319327731093, 
      0.592436974789916, 
      0.5630252100840336, 
      0.5546218487394958
    ], 
    "test3": [
      0.634453781512605, 
      0.592436974789916, 
      0.5462184873949579, 
      0.5378151260504201, 
      0.5504201680672269
    ], 
    "test2": [
      0.5546218487394958, 
      0.5840336134453782, 
      0.6050420168067226, 
      0.5714285714285714, 
      0.5798319327731093
    ], 
    "test4": [
      0.6260504201680672, 
      0.6092436974789915, 
      0.6008403361344538, 
      0.5294117647058824, 
      0.592436974789916
    ]
  }, 
  "exp1.frame": [
    0.5210084033613446, 
    0.5378151260504201, 
    0.48739495798319327, 
    0.4831932773109244, 
    0.47058823529411764
  ], 
  "aggregates": {
    "exp1.frame": 0.5294117647058824, 
    "exp1.task": 0.7226890756302521, 
    "exp2.task": [
      0.6386554621848739, 
      0.6050420168067226, 
      0.6470588235294118, 
      0.6722689075630253, 
      0.6134453781512605
    ], 
    "exp2.frame": 0.5630252100840336, 
    "exp2.*": 0.6512605042016807
  }, 
  "exp2.*": [
    0.6764705882352942, 
    0.680672268907563, 
    0.5882352941176471, 
    0.6638655462184874, 
    0.6302521008403361
  ], 
  "exp1.task": [
    0.7436974789915967, 
    0.6554621848739496, 
    0.6554621848739496, 
    0.5714285714285714, 
    0.634453781512605
  ], 
  "exp2.frame": [
    0.5798319327731093, 
    0.5504201680672269, 
    0.5210084033613446, 
    0.5336134453781513, 
    0.47058823529411764
  ]
}