{
  "exp2.task": {
    "test1": [
      0.5840336134453782, 
      0.5882352941176471, 
      0.5546218487394958, 
      0.5798319327731093, 
      0.6512605042016807
    ], 
    "test0": [
      0.6386554621848739, 
      0.5504201680672269, 
      0.5882352941176471, 
      0.5882352941176471, 
      0.542016806722689
    ], 
    "test3": [
      0.5966386554621849, 
      0.5966386554621849, 
      0.592436974789916, 
      0.5294117647058824, 
      0.5210084033613446
    ], 
    "test2": [
      0.6176470588235294, 
      0.5504201680672269, 
      0.634453781512605, 
      0.542016806722689, 
      0.5336134453781513
    ], 
    "test4": [
      0.6092436974789915, 
      0.5294117647058824, 
      0.6050420168067226, 
      0.453781512605042, 
      0.5756302521008403
    ]
  }, 
  "exp1.frame": [
    0.5336134453781513, 
    0.5210084033613446, 
    0.5168067226890757, 
    0.5462184873949579, 
    0.48739495798319327
  ], 
  "aggregates": {
    "exp1.frame": 0.5336134453781513, 
    "exp1.task": 0.726890756302521, 
    "exp2.task": [
      0.6554621848739496, 
      0.6302521008403361, 
      0.6176470588235294, 
      0.6638655462184874, 
      0.6008403361344538
    ], 
    "exp2.frame": 0.5588235294117647, 
    "exp2.*": 0.7226890756302521
  }, 
  "exp2.*": [
    0.6722689075630253, 
    0.6218487394957983, 
    0.5252100840336135, 
    0.6302521008403361, 
    0.6092436974789915
  ], 
  "exp1.task": [
    0.7857142857142857, 
    0.6680672268907563, 
    0.6470588235294118, 
    0.5798319327731093, 
    0.6596638655462185
  ], 
  "exp2.frame": [
    0.5714285714285714, 
    0.5210084033613446, 
    0.5126050420168067, 
    0.5672268907563025, 
    0.5588235294117647
  ]
}