{
  "exp2.task": {
    "test1": [
      0.6218487394957983, 
      0.6008403361344538, 
      0.5756302521008403, 
      0.6218487394957983, 
      0.6218487394957983
    ], 
    "test0": [
      0.5966386554621849, 
      0.542016806722689, 
      0.6302521008403361, 
      0.5756302521008403, 
      0.5840336134453782
    ], 
    "test3": [
      0.6554621848739496, 
      0.6302521008403361, 
      0.5588235294117647, 
      0.5042016806722689, 
      0.5252100840336135
    ], 
    "test2": [
      0.5378151260504201, 
      0.592436974789916, 
      0.592436974789916, 
      0.5546218487394958, 
      0.5630252100840336
    ], 
    "test4": [
      0.6218487394957983, 
      0.6176470588235294, 
      0.6050420168067226, 
      0.5210084033613446, 
      0.6302521008403361
    ]
  }, 
  "exp1.frame": [
    0.5084033613445378, 
    0.5168067226890757, 
    0.5462184873949579, 
    0.5168067226890757, 
    0.5336134453781513
  ], 
  "aggregates": {
    "exp1.frame": 0.5252100840336135, 
    "exp1.task": 0.773109243697479, 
    "exp2.task": [
      0.6428571428571429, 
      0.6512605042016807, 
      0.6596638655462185, 
      0.6470588235294118, 
      0.6176470588235294
    ], 
    "exp2.frame": 0.5378151260504201, 
    "exp2.*": 0.6764705882352942
  }, 
  "exp2.*": [
    0.634453781512605, 
    0.6092436974789915, 
    0.5546218487394958, 
    0.6554621848739496, 
    0.5966386554621849
  ], 
  "exp1.task": [
    0.7605042016806722, 
    0.6764705882352942, 
    0.6470588235294118, 
    0.5294117647058824, 
    0.6176470588235294
  ], 
  "exp2.frame": [
    0.6302521008403361, 
    0.5840336134453782, 
    0.5126050420168067, 
    0.4957983193277311, 
    0.6176470588235294
  ]
}