{
  "exp2.task": {
    "test1": [
      0.6134453781512605, 
      0.6050420168067226, 
      0.5210084033613446, 
      0.5966386554621849, 
      0.6512605042016807
    ], 
    "test0": [
      0.6218487394957983, 
      0.5252100840336135, 
      0.6134453781512605, 
      0.5756302521008403, 
      0.5252100840336135
    ], 
    "test3": [
      0.6428571428571429, 
      0.592436974789916, 
      0.6092436974789915, 
      0.5630252100840336, 
      0.5756302521008403
    ], 
    "test2": [
      0.6092436974789915, 
      0.6008403361344538, 
      0.6092436974789915, 
      0.5672268907563025, 
      0.49159663865546216
    ], 
    "test4": [
      0.592436974789916, 
      0.5672268907563025, 
      0.5336134453781513, 
      0.5462184873949579, 
      0.5798319327731093
    ]
  }, 
  "exp1.frame": [
    0.49159663865546216, 
    0.5462184873949579, 
    0.5, 
    0.5504201680672269, 
    0.5126050420168067
  ], 
  "aggregates": {
    "exp1.frame": 0.5252100840336135, 
    "exp1.task": 0.726890756302521, 
    "exp2.task": [
      0.6050420168067226, 
      0.6386554621848739, 
      0.6554621848739496, 
      0.6260504201680672, 
      0.5966386554621849
    ], 
    "exp2.frame": 0.5252100840336135, 
    "exp2.*": 0.6974789915966386
  }, 
  "exp2.*": [
    0.6974789915966386, 
    0.6218487394957983, 
    0.5588235294117647, 
    0.6176470588235294, 
    0.5756302521008403
  ], 
  "exp1.task": [
    0.7857142857142857, 
    0.6302521008403361, 
    0.6386554621848739, 
    0.592436974789916, 
    0.6260504201680672
  ], 
  "exp2.frame": [
    0.5336134453781513, 
    0.48739495798319327, 
    0.5084033613445378, 
    0.5294117647058824, 
    0.5294117647058824
  ]
}