{
  "exp2.task": {
    "test1": [
      0.6428571428571429, 
      0.5714285714285714, 
      0.5, 
      0.5798319327731093, 
      0.6092436974789915
    ], 
    "test0": [
      0.6554621848739496, 
      0.5504201680672269, 
      0.5882352941176471, 
      0.5798319327731093, 
      0.5672268907563025
    ], 
    "test3": [
      0.6512605042016807, 
      0.5882352941176471, 
      0.5882352941176471, 
      0.5714285714285714, 
      0.5756302521008403
    ], 
    "test2": [
      0.592436974789916, 
      0.5756302521008403, 
      0.6050420168067226, 
      0.5756302521008403, 
      0.5756302521008403
    ], 
    "test4": [
      0.6470588235294118, 
      0.5588235294117647, 
      0.6092436974789915, 
      0.5546218487394958, 
      0.6386554621848739
    ]
  }, 
  "exp1.frame": [
    0.5084033613445378, 
    0.5126050420168067, 
    0.4957983193277311, 
    0.4831932773109244, 
    0.4789915966386555
  ], 
  "aggregates": {
    "exp1.frame": 0.5, 
    "exp1.task": 0.6932773109243697, 
    "exp2.task": [
      0.6932773109243697, 
      0.6596638655462185, 
      0.6764705882352942, 
      0.6596638655462185, 
      0.6386554621848739
    ], 
    "exp2.frame": 0.5084033613445378, 
    "exp2.*": 0.7100840336134454
  }, 
  "exp2.*": [
    0.6512605042016807, 
    0.6638655462184874, 
    0.5546218487394958, 
    0.6428571428571429, 
    0.5840336134453782
  ], 
  "exp1.task": [
    0.7857142857142857, 
    0.6302521008403361, 
    0.6092436974789915, 
    0.5966386554621849, 
    0.6260504201680672
  ], 
  "exp2.frame": [
    0.5378151260504201, 
    0.5756302521008403, 
    0.4831932773109244, 
    0.5378151260504201, 
    0.5084033613445378
  ]
}