{
  "exp2.task": {
    "test1": [
      0.6218487394957983, 
      0.6260504201680672, 
      0.6008403361344538, 
      0.5840336134453782, 
      0.6218487394957983
    ], 
    "test0": [
      0.6008403361344538, 
      0.5630252100840336, 
      0.5840336134453782, 
      0.5840336134453782, 
      0.5672268907563025
    ], 
    "test3": [
      0.6092436974789915, 
      0.6428571428571429, 
      0.5630252100840336, 
      0.5546218487394958, 
      0.5336134453781513
    ], 
    "test2": [
      0.5756302521008403, 
      0.6092436974789915, 
      0.592436974789916, 
      0.5588235294117647, 
      0.5504201680672269
    ], 
    "test4": [
      0.6008403361344538, 
      0.5966386554621849, 
      0.5588235294117647, 
      0.5546218487394958, 
      0.5882352941176471
    ]
  }, 
  "exp1.frame": [
    0.5126050420168067, 
    0.5168067226890757, 
    0.5714285714285714, 
    0.4957983193277311, 
    0.46218487394957986
  ], 
  "aggregates": {
    "exp1.frame": 0.5294117647058824, 
    "exp1.task": 0.7142857142857143, 
    "exp2.task": [
      0.6512605042016807, 
      0.6386554621848739, 
      0.6848739495798319, 
      0.6554621848739496, 
      0.6092436974789915
    ], 
    "exp2.frame": 0.5588235294117647, 
    "exp2.*": 0.6932773109243697
  }, 
  "exp2.*": [
    0.6890756302521008, 
    0.6764705882352942, 
    0.5462184873949579, 
    0.7016806722689075, 
    0.5882352941176471
  ], 
  "exp1.task": [
    0.7857142857142857, 
    0.6470588235294118, 
    0.6764705882352942, 
    0.5882352941176471, 
    0.6512605042016807
  ], 
  "exp2.frame": [
    0.5840336134453782, 
    0.5126050420168067, 
    0.542016806722689, 
    0.5168067226890757, 
    0.5714285714285714
  ]
}