{
  "exp2.task": {
    "test1": [
      0.6470588235294118, 
      0.5882352941176471, 
      0.5672268907563025, 
      0.6050420168067226, 
      0.6554621848739496
    ], 
    "test0": [
      0.6092436974789915, 
      0.5630252100840336, 
      0.6554621848739496, 
      0.5126050420168067, 
      0.5630252100840336
    ], 
    "test3": [
      0.6218487394957983, 
      0.6302521008403361, 
      0.5714285714285714, 
      0.542016806722689, 
      0.5798319327731093
    ], 
    "test2": [
      0.5210084033613446, 
      0.5756302521008403, 
      0.5966386554621849, 
      0.5084033613445378, 
      0.5462184873949579
    ], 
    "test4": [
      0.6722689075630253, 
      0.592436974789916, 
      0.6302521008403361, 
      0.5210084033613446, 
      0.6302521008403361
    ]
  }, 
  "exp1.frame": [
    0.5168067226890757, 
    0.5084033613445378, 
    0.5252100840336135, 
    0.5, 
    0.5084033613445378
  ], 
  "aggregates": {
    "exp1.frame": 0.5126050420168067, 
    "exp1.task": 0.7352941176470589, 
    "exp2.task": [
      0.6932773109243697, 
      0.6386554621848739, 
      0.6260504201680672, 
      0.6554621848739496, 
      0.634453781512605
    ], 
    "exp2.frame": 0.5168067226890757, 
    "exp2.*": 0.6764705882352942
  }, 
  "exp2.*": [
    0.6512605042016807, 
    0.6512605042016807, 
    0.5966386554621849, 
    0.6638655462184874, 
    0.5756302521008403
  ], 
  "exp1.task": [
    0.7478991596638656, 
    0.6302521008403361, 
    0.6302521008403361, 
    0.5672268907563025, 
    0.6134453781512605
  ], 
  "exp2.frame": [
    0.6050420168067226, 
    0.5504201680672269, 
    0.5294117647058824, 
    0.5168067226890757, 
    0.46638655462184875
  ]
}