{
  "exp2.task": {
    "test1": [
      0.6134453781512605, 
      0.6386554621848739, 
      0.5756302521008403, 
      0.6176470588235294, 
      0.6512605042016807
    ], 
    "test0": [
      0.5966386554621849, 
      0.6092436974789915, 
      0.5966386554621849, 
      0.4957983193277311, 
      0.6176470588235294
    ], 
    "test3": [
      0.6764705882352942, 
      0.6470588235294118, 
      0.5672268907563025, 
      0.592436974789916, 
      0.5714285714285714
    ], 
    "test2": [
      0.5630252100840336, 
      0.5798319327731093, 
      0.5882352941176471, 
      0.5630252100840336, 
      0.5042016806722689
    ], 
    "test4": [
      0.634453781512605, 
      0.4789915966386555, 
      0.5714285714285714, 
      0.48739495798319327, 
      0.6092436974789915
    ]
  }, 
  "exp1.frame": [
    0.4789915966386555, 
    0.5, 
    0.5882352941176471, 
    0.5168067226890757, 
    0.5210084033613446
  ], 
  "aggregates": {
    "exp1.frame": 0.5504201680672269, 
    "exp1.task": 0.7647058823529411, 
    "exp2.task": [
      0.6848739495798319, 
      0.6470588235294118, 
      0.6596638655462185, 
      0.6554621848739496, 
      0.680672268907563
    ], 
    "exp2.frame": 0.5672268907563025, 
    "exp2.*": 0.6638655462184874
  }, 
  "exp2.*": [
    0.6428571428571429, 
    0.6428571428571429, 
    0.5294117647058824, 
    0.680672268907563, 
    0.6302521008403361
  ], 
  "exp1.task": [
    0.7899159663865546, 
    0.6512605042016807, 
    0.6428571428571429, 
    0.5588235294117647, 
    0.6008403361344538
  ], 
  "exp2.frame": [
    0.6092436974789915, 
    0.5714285714285714, 
    0.5084033613445378, 
    0.5630252100840336, 
    0.5378151260504201
  ]
}