{
  "exp2.task": {
    "test1": [
      0.6302521008403361, 
      0.5126050420168067, 
      0.5966386554621849, 
      0.5966386554621849, 
      0.6050420168067226
    ], 
    "test0": [
      0.6470588235294118, 
      0.5084033613445378, 
      0.6470588235294118, 
      0.5840336134453782, 
      0.5630252100840336
    ], 
    "test3": [
      0.6428571428571429, 
      0.5840336134453782, 
      0.592436974789916, 
      0.5294117647058824, 
      0.542016806722689
    ], 
    "test2": [
      0.5882352941176471, 
      0.5630252100840336, 
      0.5840336134453782, 
      0.5546218487394958, 
      0.5546218487394958
    ], 
    "test4": [
      0.6176470588235294, 
      0.6176470588235294, 
      0.542016806722689, 
      0.5378151260504201, 
      0.6050420168067226
    ]
  }, 
  "exp1.frame": [
    0.5462184873949579, 
    0.5210084033613446, 
    0.47478991596638653, 
    0.5084033613445378, 
    0.5336134453781513
  ], 
  "aggregates": {
    "exp1.frame": 0.5504201680672269, 
    "exp1.task": 0.7184873949579832, 
    "exp2.task": [
      0.6386554621848739, 
      0.6260504201680672, 
      0.6554621848739496, 
      0.6470588235294118, 
      0.634453781512605
    ], 
    "exp2.frame": 0.5546218487394958, 
    "exp2.*": 0.7226890756302521
  }, 
  "exp2.*": [
    0.6470588235294118, 
    0.6176470588235294, 
    0.6092436974789915, 
    0.6260504201680672, 
    0.5966386554621849
  ], 
  "exp1.task": [
    0.7899159663865546, 
    0.680672268907563, 
    0.6260504201680672, 
    0.5336134453781513, 
    0.6176470588235294
  ], 
  "exp2.frame": [
    0.5882352941176471, 
    0.5126050420168067, 
    0.4831932773109244, 
    0.49159663865546216, 
    0.5798319327731093
  ]
}