{
  "exp2.task": {
    "test1": [
      0.6134453781512605, 
      0.5630252100840336, 
      0.5630252100840336, 
      0.6428571428571429, 
      0.6512605042016807
    ], 
    "test0": [
      0.6386554621848739, 
      0.5798319327731093, 
      0.592436974789916, 
      0.5294117647058824, 
      0.5546218487394958
    ], 
    "test3": [
      0.6218487394957983, 
      0.5840336134453782, 
      0.6008403361344538, 
      0.5714285714285714, 
      0.5672268907563025
    ], 
    "test2": [
      0.5336134453781513, 
      0.6092436974789915, 
      0.5672268907563025, 
      0.542016806722689, 
      0.5630252100840336
    ], 
    "test4": [
      0.6428571428571429, 
      0.542016806722689, 
      0.5504201680672269, 
      0.4957983193277311, 
      0.6134453781512605
    ]
  }, 
  "exp1.frame": [
    0.48739495798319327, 
    0.5630252100840336, 
    0.542016806722689, 
    0.5168067226890757, 
    0.4789915966386555
  ], 
  "aggregates": {
    "exp1.frame": 0.5042016806722689, 
    "exp1.task": 0.7436974789915967, 
    "exp2.task": [
      0.6428571428571429, 
      0.6428571428571429, 
      0.6638655462184874, 
      0.6596638655462185, 
      0.6596638655462185
    ], 
    "exp2.frame": 0.5588235294117647, 
    "exp2.*": 0.6680672268907563
  }, 
  "exp2.*": [
    0.6428571428571429, 
    0.6596638655462185, 
    0.5630252100840336, 
    0.680672268907563, 
    0.5966386554621849
  ], 
  "exp1.task": [
    0.7647058823529411, 
    0.6302521008403361, 
    0.6722689075630253, 
    0.592436974789916, 
    0.5798319327731093
  ], 
  "exp2.frame": [
    0.5714285714285714, 
    0.5084033613445378, 
    0.5588235294117647, 
    0.5252100840336135, 
    0.5
  ]
}