{
  "exp2.task": {
    "test1": [
      0.6134453781512605, 
      0.6134453781512605, 
      0.6176470588235294, 
      0.6008403361344538, 
      0.6092436974789915
    ], 
    "test0": [
      0.6470588235294118, 
      0.5840336134453782, 
      0.5798319327731093, 
      0.6092436974789915, 
      0.5336134453781513
    ], 
    "test3": [
      0.5966386554621849, 
      0.5588235294117647, 
      0.6134453781512605, 
      0.5084033613445378, 
      0.5252100840336135
    ], 
    "test2": [
      0.634453781512605, 
      0.5714285714285714, 
      0.6050420168067226, 
      0.5462184873949579, 
      0.5672268907563025
    ], 
    "test4": [
      0.6428571428571429, 
      0.5798319327731093, 
      0.5798319327731093, 
      0.5084033613445378, 
      0.5672268907563025
    ]
  }, 
  "exp1.frame": [
    0.5714285714285714, 
    0.5378151260504201, 
    0.5504201680672269, 
    0.5336134453781513, 
    0.5336134453781513
  ], 
  "aggregates": {
    "exp1.frame": 0.5168067226890757, 
    "exp1.task": 0.7100840336134454, 
    "exp2.task": [
      0.6428571428571429, 
      0.6050420168067226, 
      0.6386554621848739, 
      0.6428571428571429, 
      0.6050420168067226
    ], 
    "exp2.frame": 0.5840336134453782, 
    "exp2.*": 0.6722689075630253
  }, 
  "exp2.*": [
    0.6176470588235294, 
    0.6554621848739496, 
    0.5462184873949579, 
    0.6680672268907563, 
    0.5882352941176471
  ], 
  "exp1.task": [
    0.7773109243697479, 
    0.6554621848739496, 
    0.5840336134453782, 
    0.5756302521008403, 
    0.6680672268907563
  ], 
  "exp2.frame": [
    0.542016806722689, 
    0.6386554621848739, 
    0.46218487394957986, 
    0.5504201680672269, 
    0.5336134453781513
  ]
}