{
  "exp2.task": {
    "test1": [
      0.6134453781512605, 
      0.5840336134453782, 
      0.6050420168067226, 
      0.5588235294117647, 
      0.6428571428571429
    ], 
    "test0": [
      0.592436974789916, 
      0.5126050420168067, 
      0.6134453781512605, 
      0.5672268907563025, 
      0.5882352941176471
    ], 
    "test3": [
      0.6386554621848739, 
      0.6512605042016807, 
      0.5252100840336135, 
      0.5756302521008403, 
      0.49159663865546216
    ], 
    "test2": [
      0.5546218487394958, 
      0.5672268907563025, 
      0.5798319327731093, 
      0.5588235294117647, 
      0.5630252100840336
    ], 
    "test4": [
      0.6260504201680672, 
      0.5756302521008403, 
      0.6050420168067226, 
      0.5546218487394958, 
      0.6008403361344538
    ]
  }, 
  "exp1.frame": [
    0.5252100840336135, 
    0.5126050420168067, 
    0.5378151260504201, 
    0.5168067226890757, 
    0.5504201680672269
  ], 
  "aggregates": {
    "exp1.frame": 0.5168067226890757, 
    "exp1.task": 0.7226890756302521, 
    "exp2.task": [
      0.6428571428571429, 
      0.6512605042016807, 
      0.6890756302521008, 
      0.680672268907563, 
      0.6470588235294118
    ], 
    "exp2.frame": 0.5672268907563025, 
    "exp2.*": 0.7100840336134454
  }, 
  "exp2.*": [
    0.7184873949579832, 
    0.6428571428571429, 
    0.5630252100840336, 
    0.6302521008403361, 
    0.6218487394957983
  ], 
  "exp1.task": [
    0.7857142857142857, 
    0.6722689075630253, 
    0.6974789915966386, 
    0.5462184873949579, 
    0.6008403361344538
  ], 
  "exp2.frame": [
    0.6050420168067226, 
    0.5210084033613446, 
    0.5462184873949579, 
    0.5504201680672269, 
    0.5546218487394958
  ]
}