{
  "exp2.task": {
    "test1": [
      0.6050420168067226, 
      0.592436974789916, 
      0.5504201680672269, 
      0.5882352941176471, 
      0.6512605042016807
    ], 
    "test0": [
      0.6302521008403361, 
      0.5672268907563025, 
      0.6134453781512605, 
      0.5840336134453782, 
      0.5882352941176471
    ], 
    "test3": [
      0.6554621848739496, 
      0.6386554621848739, 
      0.5294117647058824, 
      0.5672268907563025, 
      0.5252100840336135
    ], 
    "test2": [
      0.5882352941176471, 
      0.6386554621848739, 
      0.6008403361344538, 
      0.5252100840336135, 
      0.5630252100840336
    ], 
    "test4": [
      0.6260504201680672, 
      0.5672268907563025, 
      0.5798319327731093, 
      0.5336134453781513, 
      0.6596638655462185
    ]
  }, 
  "exp1.frame": [
    0.5168067226890757, 
    0.4957983193277311, 
    0.5252100840336135, 
    0.5210084033613446, 
    0.5504201680672269
  ], 
  "aggregates": {
    "exp1.frame": 0.5168067226890757, 
    "exp1.task": 0.7310924369747899, 
    "exp2.task": [
      0.6050420168067226, 
      0.6596638655462185, 
      0.6428571428571429, 
      0.680672268907563, 
      0.6176470588235294
    ], 
    "exp2.frame": 0.5252100840336135, 
    "exp2.*": 0.6638655462184874
  }, 
  "exp2.*": [
    0.6638655462184874, 
    0.6302521008403361, 
    0.5294117647058824, 
    0.6596638655462185, 
    0.6092436974789915
  ], 
  "exp1.task": [
    0.7647058823529411, 
    0.6470588235294118, 
    0.680672268907563, 
    0.5504201680672269, 
    0.6302521008403361
  ], 
  "exp2.frame": [
    0.6428571428571429, 
    0.5504201680672269, 
    0.5294117647058824, 
    0.5294117647058824, 
    0.4957983193277311
  ]
}