{
  "exp2.task": {
    "test1": [
      0.6092436974789915, 
      0.5630252100840336, 
      0.6050420168067226, 
      0.5798319327731093, 
      0.6134453781512605
    ], 
    "test0": [
      0.6596638655462185, 
      0.5378151260504201, 
      0.6302521008403361, 
      0.592436974789916, 
      0.5378151260504201
    ], 
    "test3": [
      0.6050420168067226, 
      0.6008403361344538, 
      0.5882352941176471, 
      0.5672268907563025, 
      0.5630252100840336
    ], 
    "test2": [
      0.5756302521008403, 
      0.5840336134453782, 
      0.6092436974789915, 
      0.5798319327731093, 
      0.5126050420168067
    ], 
    "test4": [
      0.5798319327731093, 
      0.5672268907563025, 
      0.542016806722689, 
      0.4957983193277311, 
      0.5882352941176471
    ]
  }, 
  "exp1.frame": [
    0.5630252100840336, 
    0.5756302521008403, 
    0.542016806722689, 
    0.4957983193277311, 
    0.47478991596638653
  ], 
  "aggregates": {
    "exp1.frame": 0.5714285714285714, 
    "exp1.task": 0.7100840336134454, 
    "exp2.task": [
      0.6512605042016807, 
      0.6218487394957983, 
      0.6596638655462185, 
      0.6428571428571429, 
      0.6302521008403361
    ], 
    "exp2.frame": 0.5168067226890757, 
    "exp2.*": 0.6974789915966386
  }, 
  "exp2.*": [
    0.6764705882352942, 
    0.592436974789916, 
    0.5336134453781513, 
    0.7058823529411765, 
    0.5798319327731093
  ], 
  "exp1.task": [
    0.7857142857142857, 
    0.6512605042016807, 
    0.6386554621848739, 
    0.592436974789916, 
    0.6470588235294118
  ], 
  "exp2.frame": [
    0.5462184873949579, 
    0.5210084033613446, 
    0.5294117647058824, 
    0.5, 
    0.5378151260504201
  ]
}