{
  "exp2.task": {
    "test1": [
      0.5966386554621849, 
      0.6176470588235294, 
      0.5966386554621849, 
      0.6092436974789915, 
      0.6176470588235294
    ], 
    "test0": [
      0.6554621848739496, 
      0.5294117647058824, 
      0.6134453781512605, 
      0.5714285714285714, 
      0.5966386554621849
    ], 
    "test3": [
      0.6176470588235294, 
      0.634453781512605, 
      0.5756302521008403, 
      0.5672268907563025, 
      0.5504201680672269
    ], 
    "test2": [
      0.5504201680672269, 
      0.5882352941176471, 
      0.6302521008403361, 
      0.5546218487394958, 
      0.5672268907563025
    ], 
    "test4": [
      0.634453781512605, 
      0.592436974789916, 
      0.6092436974789915, 
      0.5504201680672269, 
      0.5756302521008403
    ]
  }, 
  "exp1.frame": [
    0.5378151260504201, 
    0.46638655462184875, 
    0.5042016806722689, 
    0.5252100840336135, 
    0.5378151260504201
  ], 
  "aggregates": {
    "exp1.frame": 0.5504201680672269, 
    "exp1.task": 0.7394957983193278, 
    "exp2.task": [
      0.6386554621848739, 
      0.6638655462184874, 
      0.6890756302521008, 
      0.6722689075630253, 
      0.6092436974789915
    ], 
    "exp2.frame": 0.5294117647058824, 
    "exp2.*": 0.7058823529411765
  }, 
  "exp2.*": [
    0.6764705882352942, 
    0.6554621848739496, 
    0.542016806722689, 
    0.634453781512605, 
    0.6050420168067226
  ], 
  "exp1.task": [
    0.7605042016806722, 
    0.6428571428571429, 
    0.6722689075630253, 
    0.5378151260504201, 
    0.6176470588235294
  ], 
  "exp2.frame": [
    0.592436974789916, 
    0.5210084033613446, 
    0.4369747899159664, 
    0.5588235294117647, 
    0.5336134453781513
  ]
}