{
  "exp2.task": {
    "test1": [
      0.6134453781512605, 
      0.6554621848739496, 
      0.542016806722689, 
      0.6218487394957983, 
      0.6092436974789915
    ], 
    "test0": [
      0.6848739495798319, 
      0.5588235294117647, 
      0.5672268907563025, 
      0.5462184873949579, 
      0.5756302521008403
    ], 
    "test3": [
      0.6386554621848739, 
      0.6008403361344538, 
      0.6092436974789915, 
      0.5756302521008403, 
      0.5378151260504201
    ], 
    "test2": [
      0.592436974789916, 
      0.5672268907563025, 
      0.6092436974789915, 
      0.5210084033613446, 
      0.5168067226890757
    ], 
    "test4": [
      0.6260504201680672, 
      0.5882352941176471, 
      0.542016806722689, 
      0.4831932773109244, 
      0.5798319327731093
    ]
  }, 
  "exp1.frame": [
    0.5084033613445378, 
    0.5504201680672269, 
    0.5630252100840336, 
    0.5252100840336135, 
    0.49159663865546216
  ], 
  "aggregates": {
    "exp1.frame": 0.5462184873949579, 
    "exp1.task": 0.726890756302521, 
    "exp2.task": [
      0.6722689075630253, 
      0.6596638655462185, 
      0.6890756302521008, 
      0.6848739495798319, 
      0.6428571428571429
    ], 
    "exp2.frame": 0.49159663865546216, 
    "exp2.*": 0.6764705882352942
  }, 
  "exp2.*": [
    0.680672268907563, 
    0.6134453781512605, 
    0.6008403361344538, 
    0.6260504201680672, 
    0.5798319327731093
  ], 
  "exp1.task": [
    0.7605042016806722, 
    0.6596638655462185, 
    0.5798319327731093, 
    0.5840336134453782, 
    0.6176470588235294
  ], 
  "exp2.frame": [
    0.542016806722689, 
    0.5252100840336135, 
    0.5, 
    0.5168067226890757, 
    0.5126050420168067
  ]
}