{
  "exp2.task": {
    "test1": [
      0.6218487394957983, 
      0.5756302521008403, 
      0.6050420168067226, 
      0.5840336134453782, 
      0.634453781512605
    ], 
    "test0": [
      0.6512605042016807, 
      0.5798319327731093, 
      0.5714285714285714, 
      0.5756302521008403, 
      0.5546218487394958
    ], 
    "test3": [
      0.6092436974789915, 
      0.5546218487394958, 
      0.634453781512605, 
      0.5336134453781513, 
      0.5504201680672269
    ], 
    "test2": [
      0.6260504201680672, 
      0.6134453781512605, 
      0.5798319327731093, 
      0.5294117647058824, 
      0.5756302521008403
    ], 
    "test4": [
      0.6260504201680672, 
      0.5546218487394958, 
      0.5588235294117647, 
      0.5252100840336135, 
      0.5714285714285714
    ]
  }, 
  "exp1.frame": [
    0.5588235294117647, 
    0.5336134453781513, 
    0.5378151260504201, 
    0.5, 
    0.5126050420168067
  ], 
  "aggregates": {
    "exp1.frame": 0.5252100840336135, 
    "exp1.task": 0.6890756302521008, 
    "exp2.task": [
      0.6764705882352942, 
      0.6470588235294118, 
      0.6512605042016807, 
      0.6134453781512605, 
      0.5966386554621849
    ], 
    "exp2.frame": 0.5756302521008403, 
    "exp2.*": 0.7016806722689075
  }, 
  "exp2.*": [
    0.6848739495798319, 
    0.6470588235294118, 
    0.5966386554621849, 
    0.6596638655462185, 
    0.5882352941176471
  ], 
  "exp1.task": [
    0.7605042016806722, 
    0.6680672268907563, 
    0.6008403361344538, 
    0.592436974789916, 
    0.6596638655462185
  ], 
  "exp2.frame": [
    0.5168067226890757, 
    0.5378151260504201, 
    0.47058823529411764, 
    0.5084033613445378, 
    0.5462184873949579
  ]
}