{
  "exp2.task": {
    "test1": [
      0.6134453781512605, 
      0.6428571428571429, 
      0.5546218487394958, 
      0.5504201680672269, 
      0.5756302521008403
    ], 
    "test0": [
      0.6386554621848739, 
      0.5756302521008403, 
      0.6050420168067226, 
      0.5840336134453782, 
      0.5210084033613446
    ], 
    "test3": [
      0.6218487394957983, 
      0.5462184873949579, 
      0.5756302521008403, 
      0.5798319327731093, 
      0.5336134453781513
    ], 
    "test2": [
      0.5966386554621849, 
      0.6008403361344538, 
      0.5672268907563025, 
      0.5252100840336135, 
      0.5168067226890757
    ], 
    "test4": [
      0.6134453781512605, 
      0.5462184873949579, 
      0.5546218487394958, 
      0.5168067226890757, 
      0.5630252100840336
    ]
  }, 
  "exp1.frame": [
    0.5336134453781513, 
    0.5462184873949579, 
    0.47058823529411764, 
    0.5546218487394958, 
    0.4789915966386555
  ], 
  "aggregates": {
    "exp1.frame": 0.4831932773109244, 
    "exp1.task": 0.7394957983193278, 
    "exp2.task": [
      0.6764705882352942, 
      0.6554621848739496, 
      0.6386554621848739, 
      0.6470588235294118, 
      0.6050420168067226
    ], 
    "exp2.frame": 0.5378151260504201, 
    "exp2.*": 0.6680672268907563
  }, 
  "exp2.*": [
    0.6890756302521008, 
    0.6596638655462185, 
    0.5462184873949579, 
    0.6596638655462185, 
    0.5756302521008403
  ], 
  "exp1.task": [
    0.7563025210084033, 
    0.6680672268907563, 
    0.6470588235294118, 
    0.592436974789916, 
    0.6218487394957983
  ], 
  "exp2.frame": [
    0.5756302521008403, 
    0.5168067226890757, 
    0.44537815126050423, 
    0.542016806722689, 
    0.5588235294117647
  ]
}