{
  "exp2.task": {
    "test1": [
      0.592436974789916, 
      0.6176470588235294, 
      0.5756302521008403, 
      0.542016806722689, 
      0.6386554621848739
    ], 
    "test0": [
      0.7310924369747899, 
      0.5546218487394958, 
      0.5756302521008403, 
      0.6260504201680672, 
      0.5546218487394958
    ], 
    "test3": [
      0.6134453781512605, 
      0.6176470588235294, 
      0.6176470588235294, 
      0.5168067226890757, 
      0.5462184873949579
    ], 
    "test2": [
      0.6176470588235294, 
      0.592436974789916, 
      0.6008403361344538, 
      0.5882352941176471, 
      0.5252100840336135
    ], 
    "test4": [
      0.5882352941176471, 
      0.5588235294117647, 
      0.5756302521008403, 
      0.47058823529411764, 
      0.5504201680672269
    ]
  }, 
  "exp1.frame": [
    0.5630252100840336, 
    0.542016806722689, 
    0.5252100840336135, 
    0.5252100840336135, 
    0.5462184873949579
  ], 
  "aggregates": {
    "exp1.frame": 0.5462184873949579, 
    "exp1.task": 0.6932773109243697, 
    "exp2.task": [
      0.6470588235294118, 
      0.6470588235294118, 
      0.6176470588235294, 
      0.6386554621848739, 
      0.6092436974789915
    ], 
    "exp2.frame": 0.5798319327731093, 
    "exp2.*": 0.6848739495798319
  }, 
  "exp2.*": [
    0.7058823529411765, 
    0.6092436974789915, 
    0.5882352941176471, 
    0.6680672268907563, 
    0.6260504201680672
  ], 
  "exp1.task": [
    0.7605042016806722, 
    0.634453781512605, 
    0.6428571428571429, 
    0.5630252100840336, 
    0.634453781512605
  ], 
  "exp2.frame": [
    0.5588235294117647, 
    0.5042016806722689, 
    0.4579831932773109, 
    0.5504201680672269, 
    0.5672268907563025
  ]
}