{
  "exp2.task": {
    "test1": [
      0.6092436974789915, 
      0.5714285714285714, 
      0.592436974789916, 
      0.542016806722689, 
      0.6302521008403361
    ], 
    "test0": [
      0.6554621848739496, 
      0.5504201680672269, 
      0.6008403361344538, 
      0.634453781512605, 
      0.5672268907563025
    ], 
    "test3": [
      0.5966386554621849, 
      0.5756302521008403, 
      0.6008403361344538, 
      0.5, 
      0.542016806722689
    ], 
    "test2": [
      0.5546218487394958, 
      0.6134453781512605, 
      0.6260504201680672, 
      0.5546218487394958, 
      0.5504201680672269
    ], 
    "test4": [
      0.5756302521008403, 
      0.5546218487394958, 
      0.5546218487394958, 
      0.4495798319327731, 
      0.5714285714285714
    ]
  }, 
  "exp1.frame": [
    0.5336134453781513, 
    0.5462184873949579, 
    0.47058823529411764, 
    0.6008403361344538, 
    0.5252100840336135
  ], 
  "aggregates": {
    "exp1.frame": 0.5252100840336135, 
    "exp1.task": 0.7226890756302521, 
    "exp2.task": [
      0.6260504201680672, 
      0.6302521008403361, 
      0.6512605042016807, 
      0.6638655462184874, 
      0.6302521008403361
    ], 
    "exp2.frame": 0.5504201680672269, 
    "exp2.*": 0.7100840336134454
  }, 
  "exp2.*": [
    0.7226890756302521, 
    0.6302521008403361, 
    0.592436974789916, 
    0.6428571428571429, 
    0.5756302521008403
  ], 
  "exp1.task": [
    0.7478991596638656, 
    0.6596638655462185, 
    0.6596638655462185, 
    0.6092436974789915, 
    0.6428571428571429
  ], 
  "exp2.frame": [
    0.5546218487394958, 
    0.4579831932773109, 
    0.48739495798319327, 
    0.5252100840336135, 
    0.49159663865546216
  ]
}