{
  "exp2.task": {
    "test1": [
      0.6176470588235294, 
      0.6176470588235294, 
      0.5504201680672269, 
      0.6260504201680672, 
      0.6092436974789915
    ], 
    "test0": [
      0.6470588235294118, 
      0.5378151260504201, 
      0.6134453781512605, 
      0.5672268907563025, 
      0.542016806722689
    ], 
    "test3": [
      0.6134453781512605, 
      0.5630252100840336, 
      0.5882352941176471, 
      0.5336134453781513, 
      0.5210084033613446
    ], 
    "test2": [
      0.592436974789916, 
      0.5630252100840336, 
      0.5588235294117647, 
      0.5252100840336135, 
      0.5126050420168067
    ], 
    "test4": [
      0.5882352941176471, 
      0.5882352941176471, 
      0.5756302521008403, 
      0.5168067226890757, 
      0.5588235294117647
    ]
  }, 
  "exp1.frame": [
    0.49159663865546216, 
    0.5210084033613446, 
    0.5, 
    0.4957983193277311, 
    0.4831932773109244
  ], 
  "aggregates": {
    "exp1.frame": 0.49159663865546216, 
    "exp1.task": 0.7100840336134454, 
    "exp2.task": [
      0.6638655462184874, 
      0.6428571428571429, 
      0.6680672268907563, 
      0.6512605042016807, 
      0.634453781512605
    ], 
    "exp2.frame": 0.5168067226890757, 
    "exp2.*": 0.680672268907563
  }, 
  "exp2.*": [
    0.6722689075630253, 
    0.6428571428571429, 
    0.5756302521008403, 
    0.6554621848739496, 
    0.5714285714285714
  ], 
  "exp1.task": [
    0.7478991596638656, 
    0.6260504201680672, 
    0.6260504201680672, 
    0.5798319327731093, 
    0.6050420168067226
  ], 
  "exp2.frame": [
    0.5546218487394958, 
    0.5546218487394958, 
    0.46638655462184875, 
    0.5378151260504201, 
    0.4789915966386555
  ]
}