{
  "exp2.task": {
    "test1": [
      0.6302521008403361, 
      0.5966386554621849, 
      0.5756302521008403, 
      0.592436974789916, 
      0.6050420168067226
    ], 
    "test0": [
      0.6050420168067226, 
      0.49159663865546216, 
      0.5882352941176471, 
      0.592436974789916, 
      0.4957983193277311
    ], 
    "test3": [
      0.6722689075630253, 
      0.5714285714285714, 
      0.5798319327731093, 
      0.5504201680672269, 
      0.5504201680672269
    ], 
    "test2": [
      0.592436974789916, 
      0.5840336134453782, 
      0.5840336134453782, 
      0.5462184873949579, 
      0.47478991596638653
    ], 
    "test4": [
      0.6092436974789915, 
      0.5588235294117647, 
      0.5588235294117647, 
      0.49159663865546216, 
      0.5714285714285714
    ]
  }, 
  "exp1.frame": [
    0.5378151260504201, 
    0.5168067226890757, 
    0.49159663865546216, 
    0.5, 
    0.5210084033613446
  ], 
  "aggregates": {
    "exp1.frame": 0.5126050420168067, 
    "exp1.task": 0.7184873949579832, 
    "exp2.task": [
      0.6470588235294118, 
      0.6638655462184874, 
      0.6680672268907563, 
      0.6428571428571429, 
      0.6050420168067226
    ], 
    "exp2.frame": 0.5084033613445378, 
    "exp2.*": 0.6890756302521008
  }, 
  "exp2.*": [
    0.6680672268907563, 
    0.6302521008403361, 
    0.5882352941176471, 
    0.6722689075630253, 
    0.6092436974789915
  ], 
  "exp1.task": [
    0.7941176470588235, 
    0.6596638655462185, 
    0.6680672268907563, 
    0.5798319327731093, 
    0.6050420168067226
  ], 
  "exp2.frame": [
    0.5714285714285714, 
    0.4831932773109244, 
    0.46218487394957986, 
    0.47478991596638653, 
    0.5882352941176471
  ]
}