{
  "exp2.task": {
    "test1": [
      0.6386554621848739, 
      0.5756302521008403, 
      0.5798319327731093, 
      0.6260504201680672, 
      0.6260504201680672
    ], 
    "test0": [
      0.6596638655462185, 
      0.5168067226890757, 
      0.6092436974789915, 
      0.5882352941176471, 
      0.5588235294117647
    ], 
    "test3": [
      0.6428571428571429, 
      0.5462184873949579, 
      0.6008403361344538, 
      0.5882352941176471, 
      0.5462184873949579
    ], 
    "test2": [
      0.5798319327731093, 
      0.5798319327731093, 
      0.6134453781512605, 
      0.5336134453781513, 
      0.49159663865546216
    ], 
    "test4": [
      0.592436974789916, 
      0.5462184873949579, 
      0.5756302521008403, 
      0.5042016806722689, 
      0.6092436974789915
    ]
  }, 
  "exp1.frame": [
    0.5378151260504201, 
    0.5210084033613446, 
    0.5168067226890757, 
    0.5126050420168067, 
    0.49159663865546216
  ], 
  "aggregates": {
    "exp1.frame": 0.5210084033613446, 
    "exp1.task": 0.7184873949579832, 
    "exp2.task": [
      0.6680672268907563, 
      0.6512605042016807, 
      0.6848739495798319, 
      0.6428571428571429, 
      0.6050420168067226
    ], 
    "exp2.frame": 0.5336134453781513, 
    "exp2.*": 0.7226890756302521
  }, 
  "exp2.*": [
    0.6848739495798319, 
    0.6512605042016807, 
    0.5336134453781513, 
    0.6512605042016807, 
    0.592436974789916
  ], 
  "exp1.task": [
    0.7563025210084033, 
    0.6596638655462185, 
    0.6428571428571429, 
    0.5546218487394958, 
    0.6218487394957983
  ], 
  "exp2.frame": [
    0.5798319327731093, 
    0.5294117647058824, 
    0.5504201680672269, 
    0.47478991596638653, 
    0.5840336134453782
  ]
}