{
  "exp2.task": {
    "test1": [
      0.6176470588235294, 
      0.6512605042016807, 
      0.5126050420168067, 
      0.5756302521008403, 
      0.6092436974789915
    ], 
    "test0": [
      0.6638655462184874, 
      0.5504201680672269, 
      0.5966386554621849, 
      0.6008403361344538, 
      0.5630252100840336
    ], 
    "test3": [
      0.634453781512605, 
      0.5588235294117647, 
      0.6050420168067226, 
      0.4831932773109244, 
      0.5714285714285714
    ], 
    "test2": [
      0.6134453781512605, 
      0.592436974789916, 
      0.6134453781512605, 
      0.5378151260504201, 
      0.5588235294117647
    ], 
    "test4": [
      0.6302521008403361, 
      0.5588235294117647, 
      0.5714285714285714, 
      0.4831932773109244, 
      0.5588235294117647
    ]
  }, 
  "exp1.frame": [
    0.542016806722689, 
    0.5168067226890757, 
    0.5336134453781513, 
    0.5, 
    0.5
  ], 
  "aggregates": {
    "exp1.frame": 0.5378151260504201, 
    "exp1.task": 0.6890756302521008, 
    "exp2.task": [
      0.6470588235294118, 
      0.6260504201680672, 
      0.6470588235294118, 
      0.6596638655462185, 
      0.6386554621848739
    ], 
    "exp2.frame": 0.5588235294117647, 
    "exp2.*": 0.7142857142857143
  }, 
  "exp2.*": [
    0.6890756302521008, 
    0.6680672268907563, 
    0.5378151260504201, 
    0.6638655462184874, 
    0.5630252100840336
  ], 
  "exp1.task": [
    0.7689075630252101, 
    0.6386554621848739, 
    0.6260504201680672, 
    0.592436974789916, 
    0.6470588235294118
  ], 
  "exp2.frame": [
    0.5798319327731093, 
    0.5126050420168067, 
    0.4369747899159664, 
    0.5210084033613446, 
    0.5210084033613446
  ]
}