{
  "exp2.task": {
    "test1": [
      0.6386554621848739, 
      0.5966386554621849, 
      0.5840336134453782, 
      0.5756302521008403, 
      0.5966386554621849
    ], 
    "test0": [
      0.6512605042016807, 
      0.5546218487394958, 
      0.5882352941176471, 
      0.6008403361344538, 
      0.5714285714285714
    ], 
    "test3": [
      0.6596638655462185, 
      0.5714285714285714, 
      0.6218487394957983, 
      0.5504201680672269, 
      0.592436974789916
    ], 
    "test2": [
      0.5840336134453782, 
      0.592436974789916, 
      0.5966386554621849, 
      0.5336134453781513, 
      0.542016806722689
    ], 
    "test4": [
      0.6050420168067226, 
      0.5588235294117647, 
      0.5672268907563025, 
      0.47478991596638653, 
      0.5462184873949579
    ]
  }, 
  "exp1.frame": [
    0.5210084033613446, 
    0.5588235294117647, 
    0.5630252100840336, 
    0.5168067226890757, 
    0.49159663865546216
  ], 
  "aggregates": {
    "exp1.frame": 0.5378151260504201, 
    "exp1.task": 0.6974789915966386, 
    "exp2.task": [
      0.6302521008403361, 
      0.6302521008403361, 
      0.6680672268907563, 
      0.6722689075630253, 
      0.6092436974789915
    ], 
    "exp2.frame": 0.5336134453781513, 
    "exp2.*": 0.6764705882352942
  }, 
  "exp2.*": [
    0.7100840336134454, 
    0.6176470588235294, 
    0.5588235294117647, 
    0.680672268907563, 
    0.634453781512605
  ], 
  "exp1.task": [
    0.7647058823529411, 
    0.6512605042016807, 
    0.634453781512605, 
    0.5546218487394958, 
    0.6470588235294118
  ], 
  "exp2.frame": [
    0.6008403361344538, 
    0.5504201680672269, 
    0.49159663865546216, 
    0.5252100840336135, 
    0.47478991596638653
  ]
}