{
  "exp2.task": {
    "test1": [
      0.6260504201680672, 
      0.6092436974789915, 
      0.6176470588235294, 
      0.6302521008403361, 
      0.6764705882352942
    ], 
    "test0": [
      0.6092436974789915, 
      0.5966386554621849, 
      0.6050420168067226, 
      0.5546218487394958, 
      0.5798319327731093
    ], 
    "test3": [
      0.6260504201680672, 
      0.5882352941176471, 
      0.5, 
      0.5252100840336135, 
      0.5336134453781513
    ], 
    "test2": [
      0.5462184873949579, 
      0.5756302521008403, 
      0.5882352941176471, 
      0.5168067226890757, 
      0.5630252100840336
    ], 
    "test4": [
      0.6386554621848739, 
      0.5294117647058824, 
      0.592436974789916, 
      0.48739495798319327, 
      0.6218487394957983
    ]
  }, 
  "exp1.frame": [
    0.5126050420168067, 
    0.5378151260504201, 
    0.5714285714285714, 
    0.5336134453781513, 
    0.5168067226890757
  ], 
  "aggregates": {
    "exp1.frame": 0.5462184873949579, 
    "exp1.task": 0.7310924369747899, 
    "exp2.task": [
      0.6722689075630253, 
      0.6134453781512605, 
      0.6554621848739496, 
      0.6932773109243697, 
      0.6680672268907563
    ], 
    "exp2.frame": 0.5378151260504201, 
    "exp2.*": 0.6848739495798319
  }, 
  "exp2.*": [
    0.6680672268907563, 
    0.6554621848739496, 
    0.592436974789916, 
    0.6638655462184874, 
    0.6092436974789915
  ], 
  "exp1.task": [
    0.7478991596638656, 
    0.6218487394957983, 
    0.634453781512605, 
    0.5336134453781513, 
    0.6386554621848739
  ], 
  "exp2.frame": [
    0.5966386554621849, 
    0.5798319327731093, 
    0.5042016806722689, 
    0.5336134453781513, 
    0.5210084033613446
  ]
}