{
   "panel0": {
      "std": {
         "food": [
            2.1748529990201448, 
            1.8802236254320042, 
            2.1509686323010064, 
            2.0030745999740582, 
            2.0686449237141082
         ], 
         "both": [
            1.3293884062582644, 
            1.8984851705655066, 
            2.0086775993073731, 
            1.2855390356752721, 
            0.64729233215395787
         ], 
         "cultural": [
            1.8667488883738135, 
            1.1118706722621776, 
            1.2026871681737534, 
            0.98302935368385391, 
            1.23655917606816
         ]
      }, 
      "avg": {
         "food": [
            31.245714285714286, 
            41.234285714285711, 
            39.359999999999999, 
            53.554285714285712, 
            50.537142857142854
         ], 
         "both": [
            7.3371428571428572, 
            22.079999999999998, 
            19.10857142857143, 
            15.771428571428572, 
            2.902857142857143
         ], 
         "cultural": [
            23.10857142857143, 
            13.622857142857143, 
            14.125714285714286, 
            8.274285714285714, 
            12.205714285714286
         ]
      }
   }, 
   "panel1": {
      "std": {
         "food": [
            1.3320612598525645, 
            1.1262909038077149, 
            1.2258431090478097, 
            1.2181068064829126, 
            1.1339889805461076, 
            1.0946956325846922, 
            1.2641126025793743
         ], 
         "both": [
            1.1340323240543013, 
            0.91102375819733739, 
            0.96792885688980346, 
            0.94777928232263065, 
            0.9594707874656736, 
            0.96743785330118248, 
            0.99971195851605177
         ], 
         "cultural": [
            0.8199296750331696, 
            0.90842132956024324, 
            0.78901384525241369, 
            0.88400658821074418, 
            0.79987198975836138, 
            0.82047900155945475, 
            0.81198825607270919
         ], 
         "excessCultural": [
            1.6970164501265157, 
            1.6737339908121605, 
            1.5300042980331787, 
            1.7656206976584752, 
            1.5015714861437666, 
            1.5250704482088686, 
            1.6602394429720067
         ]
      }, 
      "avg": {
         "food": [
            43.359999999999999, 
            37.759999999999998, 
            44.671999999999997, 
            38.176000000000002, 
            45.567999999999998, 
            47.072000000000003, 
            45.695999999999998
         ], 
         "both": [
            13.343999999999999, 
            13.407999999999999, 
            11.904, 
            14.048, 
            14.176, 
            12.800000000000001, 
            14.4
         ], 
         "cultural": [
            13.696, 
            18.655999999999999, 
            11.488, 
            17.888000000000002, 
            13.44, 
            12.576000000000001, 
            12.128
         ], 
         "excessCultural": [
            -29.664000000000001, 
            -19.103999999999999, 
            -33.183999999999997, 
            -20.288, 
            -32.128, 
            -34.496000000000002, 
            -33.567999999999998
         ]
      }
   }, 
   "panel2": {
      "std": {
         "food": [
            2.0476999780241245, 
            1.851912740924907, 
            2.2881230736129563, 
            1.8940107708247056, 
            2.1032546208198379, 
            2.0947660489897193, 
            2.3836885702624819
         ], 
         "both": [
            1.3723486437491035, 
            0.92921300033953458, 
            1.3018927759228094, 
            0.96383235056725403, 
            1.4521090868113171, 
            1.5402607571447098, 
            1.5283811043061217
         ], 
         "cultural": [
            1.6625224209014455, 
            2.1363924733063442, 
            1.7043717904260201, 
            2.0114742851948164, 
            1.6118600435521693, 
            1.4940950438308787, 
            1.5215318596730072
         ], 
         "excessCultural": [
            3.0244994296577401, 
            3.4360908020598027, 
            3.2427859627178597, 
            3.4729657643000169, 
            2.952197283380634, 
            2.7570558209800535, 
            3.1918616511371538
         ]
      }, 
      "avg": {
         "food": [
            32.159999999999997, 
            20.32, 
            32.960000000000001, 
            23.52, 
            35.200000000000003, 
            37.119999999999997, 
            37.439999999999998
         ], 
         "both": [
            7.6799999999999997, 
            4.4800000000000004, 
            6.8799999999999999, 
            5.2800000000000002, 
            8.3200000000000003, 
            8.6400000000000006, 
            10.08
         ], 
         "cultural": [
            19.68, 
            34.719999999999999, 
            16.640000000000001, 
            34.079999999999998, 
            21.280000000000001, 
            17.600000000000001, 
            17.760000000000002
         ], 
         "excessCultural": [
            -12.48, 
            14.4, 
            -16.32, 
            10.56, 
            -13.92, 
            -19.52, 
            -19.68
         ]
      }
   }, 
   "panel3": {
      "std": [
         6.4605902317175428, 
         4.6357139915471262, 
         5.4293589597532161, 
         4.9752017465598133, 
         5.448322263794287
      ], 
      "avg": [
         26.880000000000003, 
         10.719999999999999, 
         2.0800000000000018, 
         3.8400000000000034, 
         9.2800000000000011
      ]
   }, 
   "panel4": {
      "std": [
         6.2672853923755998, 
         4.8706222374656853, 
         5.1120807943374365, 
         4.8714918789200308, 
         5.3945030533383935
      ], 
      "avg": [
         -3.8399999999999999, 
         0.16000000000000014, 
         -2.5599999999999987, 
         -7.6799999999999997, 
         -3.6799999999999997
      ]
   }, 
   "panel5": {
      "std": [
         3.0244994296577401, 
         2.556157115671883, 
         2.6668117293877338, 
         2.5358864327883435, 
         2.7462637892234607
      ], 
      "avg": [
         -12.48, 
         -30.239999999999998, 
         -25.120000000000001, 
         -41.600000000000001, 
         -38.880000000000003
      ]
   }
}