{
   "panel0": {
      "std": {
         "food": [
            4.2046562758419963, 
            3.6565620864472272, 
            4.2063987173060964, 
            3.9228306407735918, 
            4.0109941468892698
         ], 
         "both": [
            2.5890034738674634, 
            3.7069120015564332, 
            3.9390419092791435, 
            2.5617088334910814, 
            1.2625606348150573
         ], 
         "cultural": [
            3.6134662689635633, 
            2.1492262161324489, 
            2.3564610714453935, 
            1.9178257764621875, 
            2.4091064459895519
         ]
      }, 
      "avg": {
         "food": [
            31.075949367088608, 
            41.244725738396625, 
            39.177215189873415, 
            53.101265822784811, 
            50.42194092827004
         ], 
         "both": [
            7.4050632911392409, 
            22.236286919831223, 
            19.388185654008439, 
            16.054852320675106, 
            2.9113924050632911
         ], 
         "cultural": [
            23.438818565400844, 
            13.670886075949367, 
            14.177215189873417, 
            8.2700421940928273, 
            12.236286919831224
         ]
      }
   }, 
   "panel1": {
      "std": {
         "food": [
            2.4760583039817146, 
            2.1198390836444507, 
            2.3512810916074054, 
            2.2337933311686595, 
            2.0665382138490576, 
            2.1288099769953219, 
            2.4671395387025341
         ], 
         "both": [
            2.1582878569680291, 
            1.7401392345480742, 
            1.8534240632600676, 
            1.8617221584691062, 
            1.7134035416633528, 
            1.8582968306082279, 
            1.9458197605293222
         ], 
         "cultural": [
            1.5756129693942669, 
            1.6831342751209619, 
            1.5432349449185714, 
            1.6163870099328341, 
            1.4629041629481021, 
            1.5452861960455455, 
            1.5979026033418942
         ]
      }, 
      "avg": {
         "food": [
            43.402985074626862, 
            37.701492537313435, 
            44.686567164179102, 
            37.617021276595743, 
            45.600000000000001, 
            46.656716417910445, 
            45.587301587301589
         ], 
         "both": [
            13.432835820895523, 
            13.671641791044776, 
            11.761194029850746, 
            14.49645390070922, 
            13.931034482758621, 
            13.432835820895523, 
            14.444444444444445
         ], 
         "cultural": [
            13.82089552238806, 
            18.477611940298509, 
            11.82089552238806, 
            17.50354609929078, 
            13.848275862068965, 
            12.537313432835822, 
            12.253968253968255
         ]
      }
   }, 
   "panel2": {
      "std": {
         "food": [
            3.8232508334262518, 
            3.4361636218353144, 
            4.2902578258894817, 
            3.4549872733759992, 
            3.799846538590677, 
            3.9281342508784429, 
            4.6351197077395376
         ], 
         "both": [
            2.5727202899953374, 
            1.7376712007578003, 
            2.530168231411988, 
            1.994921029082585, 
            2.5503291851850394, 
            2.8516369866194742, 
            2.9759530063991764
         ], 
         "cultural": [
            3.1507232901443669, 
            3.961403881662612, 
            3.2877077708332418, 
            3.5963188186654582, 
            2.9096248462772771, 
            2.9096122544830001, 
            2.9785331638167305
         ]
      }, 
      "avg": {
         "food": [
            32.835820895522389, 
            20.298507462686569, 
            32.686567164179102, 
            22.695035460992909, 
            34.896551724137929, 
            37.164179104477611, 
            37.460317460317462
         ], 
         "both": [
            7.4626865671641793, 
            4.4776119402985071, 
            7.1641791044776122, 
            5.957446808510638, 
            8.137931034482758, 
            8.8059701492537314, 
            10.0
         ], 
         "cultural": [
            20.0, 
            34.92537313432836, 
            17.164179104477611, 
            33.333333333333336, 
            21.793103448275861, 
            18.208955223880597, 
            17.936507936507937
         ]
      }
   }, 
   "panel3": {
      "std": [
         7.1121271718069785, 
         4.0969408887570982, 
         4.3963251591852996, 
         3.8886976721776554, 
         4.7597424809131184
      ], 
      "avg": [
         14.92537313432836, 
         2.9850746268656714, 
         1.0447761194029841, 
         1.7910447761194046, 
         2.5373134328358216
      ]
   }, 
   "panel4": {
      "std": [
         6.4384310609776083, 
         4.3848399199089076, 
         4.4914577143665753, 
         3.5260457272822929, 
         4.2775624975560156
      ], 
      "avg": [
         -2.8358208955223887, 
         -0.44776119402985159, 
         -1.1940298507462686, 
         -3.4328358208955212, 
         -2.08955223880597
      ]
   }, 
   "panel5": {
      "std": [
         3.1507232901443669, 
         2.2433238739064048, 
         2.272176280578329, 
         1.8802989788836391, 
         2.220000741956679
      ], 
      "avg": [
         20.0, 
         12.835820895522389, 
         14.626865671641792, 
         9.2537313432835813, 
         12.388059701492537
      ]
   }
}