{
   "panel0": {
      "std": {
         "food": [
            2.159703457975279, 
            1.8545944885726251, 
            2.1529244543885153, 
            2.0058553874097922, 
            2.0584180966610282
         ], 
         "both": [
            1.296090866741308, 
            1.8913813421866061, 
            2.0110295082220038, 
            1.3127329745140721, 
            0.64455288868183114
         ], 
         "cultural": [
            1.8398714252512884, 
            1.1050381020486553, 
            1.2120825916792772, 
            0.96759300973407392, 
            1.203914093170289
         ]
      }, 
      "avg": {
         "food": [
            31.088435374149661, 
            41.564625850340136, 
            39.251700680272108, 
            53.061224489795919, 
            50.770975056689345
         ], 
         "both": [
            7.3242630385487528, 
            22.244897959183675, 
            19.206349206349206, 
            15.782312925170068, 
            2.9024943310657596
         ], 
         "cultural": [
            23.401360544217688, 
            13.514739229024944, 
            14.058956916099774, 
            8.0498866213151921, 
            11.882086167800454
         ]
      }
   }, 
   "panel1": {
      "std": {
         "food": [
            1.2921850055187003, 
            1.1292724435780128, 
            1.2570946289208542, 
            1.1514923900190732, 
            1.1521729165117733, 
            1.1073867682858327, 
            1.2587446626033338
         ], 
         "both": [
            1.1177643371224064, 
            0.90459171022152651, 
            0.99826081429913271, 
            0.97875630408507519, 
            0.95810825138539646, 
            0.99514311621671303, 
            0.99276518394353197
         ], 
         "cultural": [
            0.83100311284577677, 
            0.88937466480030503, 
            0.79673876457726855, 
            0.87450113012013986, 
            0.80887885027428474, 
            0.79098064308109761, 
            0.81525643027647698
         ], 
         "excessCultural": [
            1.6664374939921331, 
            1.6701124561490333, 
            1.5327825379374538, 
            1.6454771259866348, 
            1.5500388083471368, 
            1.5037629052013113, 
            1.6635647627395431
         ]
      }, 
      "avg": {
         "food": [
            43.841269841269842, 
            37.873015873015873, 
            44.349206349206348, 
            37.301587301587304, 
            45.80952380952381, 
            47.269841269841272, 
            45.587301587301589
         ], 
         "both": [
            13.142857142857142, 
            13.555555555555555, 
            11.841269841269842, 
            14.34920634920635, 
            13.714285714285714, 
            13.396825396825397, 
            14.444444444444445
         ], 
         "cultural": [
            13.80952380952381, 
            18.285714285714285, 
            11.873015873015873, 
            17.079365079365079, 
            13.80952380952381, 
            12.158730158730158, 
            12.253968253968255
         ], 
         "excessCultural": [
            -30.031746031746032, 
            -19.587301587301589, 
            -32.476190476190474, 
            -20.222222222222221, 
            -32.0, 
            -35.111111111111114, 
            -33.333333333333336
         ]
      }
   }, 
   "panel2": {
      "std": {
         "food": [
            2.0294397498740171, 
            1.8095812714926371, 
            2.2556691796076409, 
            1.8541180389349443, 
            2.1169689339232551, 
            2.0225308307611187, 
            2.3648569937446609
         ], 
         "both": [
            1.3204818020814801, 
            0.77825839604039615, 
            1.3394262638194598, 
            0.93671502721588795, 
            1.3704185226337571, 
            1.5325007246352114, 
            1.5183433706118248
         ], 
         "cultural": [
            1.6796040125303007, 
            2.1164021164021167, 
            1.685130897813329, 
            1.9288080732644983, 
            1.5742090429123989, 
            1.4758016593631054, 
            1.5196597774575158
         ], 
         "excessCultural": [
            3.0114606169981744, 
            3.3770188036005981, 
            3.150195920565015, 
            3.2952933884252289, 
            2.9850502209064405, 
            2.7529575351363889, 
            3.1703486229824076
         ]
      }, 
      "avg": {
         "food": [
            32.539682539682538, 
            19.682539682539684, 
            32.222222222222221, 
            22.222222222222221, 
            34.920634920634917, 
            38.571428571428569, 
            37.460317460317462
         ], 
         "both": [
            7.3015873015873014, 
            3.9682539682539684, 
            7.3015873015873014, 
            5.3968253968253972, 
            8.2539682539682548, 
            9.0476190476190474, 
            10.0
         ], 
         "cultural": [
            20.317460317460316, 
            35.555555555555557, 
            17.301587301587301, 
            33.492063492063494, 
            21.428571428571427, 
            17.777777777777779, 
            17.936507936507937
         ], 
         "excessCultural": [
            -12.222222222222221, 
            15.873015873015873, 
            -14.920634920634921, 
            11.269841269841271, 
            -13.492063492063492, 
            -20.793650793650794, 
            -19.523809523809526
         ]
      }
   }, 
   "panel3": {
      "std": [
         6.3884794205987721, 
         4.5720992504366258, 
         5.4439535938650536, 
         5.0108238933176326, 
         5.3154185611768145
      ], 
      "avg": [
         28.095238095238095, 
         10.476190476190478, 
         1.2698412698412689, 
         4.4444444444444429, 
         7.9365079365079403
      ]
   }, 
   "panel4": {
      "std": [
         6.1616565375631893, 
         4.703022706372229, 
         5.0836745835966033, 
         4.9136041836518842, 
         5.3170974494866643
      ], 
      "avg": [
         -2.6984126984126995, 
         2.5396825396825413, 
         -3.3333333333333357, 
         -5.7142857142857153, 
         -3.0158730158730123
      ]
   }, 
   "panel5": {
      "std": [
         3.0114606169981744, 
         2.462653009246194, 
         2.6455026455026451, 
         2.588656057811678, 
         2.6364167481005927
      ], 
      "avg": [
         -12.222222222222221, 
         -31.587301587301589, 
         -24.444444444444443, 
         -42.539682539682538, 
         -39.365079365079367
      ]
   }
}