{
   "f1": {
      "std": [
         0.079602170329305277, 
         0.055145758569974154, 
         0.082371250882813538, 
         0.051635494595935187, 
         0.087455889640692258, 
         0.084710484506060779
      ], 
      "avg": [
         0.74265555925668469, 
         0.88108546199681126, 
         0.70325247792513723, 
         0.88295731563223812, 
         0.63592055716075879, 
         0.77635195751759567
      ]
   }, 
   "accuracy": {
      "std": [
         0.050351266121121514, 
         0.049812147112928189, 
         0.055056788863863108, 
         0.042038672671719783, 
         0.050408332644514241, 
         0.059179810746571311
      ], 
      "avg": [
         0.7985000000000001, 
         0.88749999999999984, 
         0.76749999999999985, 
         0.89549999999999996, 
         0.72799999999999987, 
         0.8145
      ]
   }
}