{
   "f1": [
      0.43283582089552236, 
      0.7234042553191491, 
      0.5625000000000001, 
      0.5979381443298969, 
      0.46153846153846156, 
      0.5355191256830601
   ], 
   "accuracy": [
      0.62, 
      0.74, 
      0.65, 
      0.61, 
      0.545, 
      0.575
   ]
}