{
   "f1": {
      "std": [
         0.047246605893541585, 
         0.047491209371635576, 
         0.066367540293833599, 
         0.047018190080197531, 
         0.082919021754719671, 
         0.074347745933802306
      ], 
      "avg": [
         0.91236038899506355, 
         0.90874708101152213, 
         0.77916697887416586, 
         0.8590576518892945, 
         0.72075886635798936, 
         0.77689074999451535
      ]
   }, 
   "accuracy": {
      "std": [
         0.040620192023179784, 
         0.044226688774991953, 
         0.058696252009817457, 
         0.053935146240647214, 
         0.057812195945146368, 
         0.063578691398927051
      ], 
      "avg": [
         0.92000000000000004, 
         0.91299999999999981, 
         0.79350000000000009, 
         0.84600000000000009, 
         0.77050000000000007, 
         0.79549999999999987
      ]
   }
}