{
   "f1": [
      0.684931506849315, 
      0.6692607003891049, 
      0.6402640264026404, 
      0.631578947368421, 
      0.4563106796116505, 
      0.5498007968127491
   ], 
   "accuracy": [
      0.632, 
      0.66, 
      0.564, 
      0.58, 
      0.552, 
      0.548
   ]
}