{
   "f1": {
      "std": [
         0.028033788902477482, 
         0.042466388426937812, 
         0.068358150217738944, 
         0.049222047915154131, 
         0.038629168734864577, 
         0.052119862134769379
      ], 
      "avg": [
         0.96475732647207701, 
         0.87303486313042367, 
         0.76427234594702487, 
         0.85258537735937101, 
         0.84988093763030248, 
         0.7601128386225281
      ]
   }, 
   "accuracy": {
      "std": [
         0.028792360097775933, 
         0.040620192023179812, 
         0.062731570998979469, 
         0.037960505792204634, 
         0.042130748865881792, 
         0.053499999999999999
      ], 
      "avg": [
         0.96400000000000019, 
         0.87499999999999989, 
         0.77649999999999963, 
         0.87200000000000022, 
         0.83999999999999986, 
         0.74950000000000006
      ]
   }
}