{
   "f1": {
      "std": [
         0.032671044607552026, 
         0.045043240695530208, 
         0.058796783399334876, 
         0.057825266758382468, 
         0.07618293396475781, 
         0.045325784621667788
      ], 
      "avg": [
         0.92626935056037174, 
         0.86210585775397519, 
         0.80655268096542931, 
         0.87703160432577476, 
         0.69502724086567236, 
         0.84160056143139261
      ]
   }, 
   "accuracy": {
      "std": [
         0.028965496715920459, 
         0.044184273220230767, 
         0.054350712966804771, 
         0.05049752469181041, 
         0.046411205543489167, 
         0.043772137256478577
      ], 
      "avg": [
         0.93099999999999994, 
         0.86050000000000026, 
         0.81399999999999972, 
         0.8849999999999999, 
         0.76100000000000012, 
         0.84699999999999998
      ]
   }
}