{
   "f1": {
      "std": [
         0.023211700555059316, 
         0.038469523495316085, 
         0.058815249686108698, 
         0.041605157107110373, 
         0.058547171442700281, 
         0.070772624152871194
      ], 
      "avg": [
         0.97217485832119943, 
         0.90734483872000604, 
         0.8073647099954766, 
         0.87460743285572407, 
         0.77787283436596732, 
         0.77875399911720977
      ]
   }, 
   "accuracy": {
      "std": [
         0.023259406699226017, 
         0.041340053217188782, 
         0.065574385243020006, 
         0.042429353047153569, 
         0.05823229344616266, 
         0.06099385214921256
      ], 
      "avg": [
         0.97200000000000064, 
         0.90399999999999991, 
         0.79000000000000004, 
         0.87150000000000005, 
         0.77199999999999991, 
         0.79349999999999998
      ]
   }
}