{
   "f1": {
      "std": [
         0.032886445443033943, 
         0.038845210040219028, 
         0.041578158169923995, 
         0.047099622899409457, 
         0.038406011409603903, 
         0.061930668415602741
      ], 
      "avg": [
         0.85304783319550626, 
         0.90293825163932917, 
         0.78519169580713299, 
         0.81397223259691076, 
         0.79022575503495729, 
         0.77095821654106378
      ]
   }, 
   "accuracy": {
      "std": [
         0.044988887516807963, 
         0.043116122274620208, 
         0.056082528473669929, 
         0.063735782728385773, 
         0.053619026473818041, 
         0.065886265640116529
      ], 
      "avg": [
         0.82600000000000007, 
         0.8959999999999998, 
         0.74349999999999994, 
         0.77549999999999997, 
         0.75, 
         0.75299999999999978
      ]
   }
}