{
   "f1": {
      "std": [
         0.025399921631607713, 
         0.031574739332602964, 
         0.044157118203786677, 
         0.043124983261814881, 
         0.06972049530288138, 
         0.061986799504566308
      ], 
      "avg": [
         0.9330937116076079, 
         0.94219141891837921, 
         0.85069259145106324, 
         0.90435342035598731, 
         0.75831584043655875, 
         0.76369072344895483
      ]
   }, 
   "accuracy": {
      "std": [
         0.029261749776799049, 
         0.031796226191169279, 
         0.050059964043135306, 
         0.040632499307820091, 
         0.070384657419071128, 
         0.069462219947249007
      ], 
      "avg": [
         0.92749999999999988, 
         0.94200000000000017, 
         0.83699999999999974, 
         0.90700000000000003, 
         0.76100000000000012, 
         0.73499999999999999
      ]
   }
}