{
   "f1": [
      0.37575757575757573, 
      0.7130434782608696, 
      0.46327683615819215, 
      0.5847457627118645, 
      0.4974619289340101, 
      0.5196078431372549
   ], 
   "accuracy": [
      0.588, 
      0.736, 
      0.62, 
      0.608, 
      0.604, 
      0.608
   ]
}