{
    "f1": [
        0.42457940245092662, 
        0.70202120080470809, 
        0.4913426572915548, 
        0.58139076022367131, 
        0.46245367274812821, 
        0.53918136124406613
    ], 
    "accuracy": [
        0.60847999999999991, 
        0.72255999999999998, 
        0.61551999999999985, 
        0.60783999999999982, 
        0.57487999999999995, 
        0.59855999999999998
    ]
}