{
   "f1": {
      "std": [
         0.033658821121537591, 
         0.048907366433916029, 
         0.053755048369518402, 
         0.050417568778998674, 
         0.05144708427559589, 
         0.074659031843983509
      ], 
      "avg": [
         0.88937496809434646, 
         0.87910708696098394, 
         0.72022044388978268, 
         0.83179860190779886, 
         0.79080313091640519, 
         0.7411107146153515
      ]
   }, 
   "accuracy": {
      "std": [
         0.042708313008125255, 
         0.052640288753007441, 
         0.060185131054106722, 
         0.061935450268808118, 
         0.059634302209382824, 
         0.066302337817003107
      ], 
      "avg": [
         0.87400000000000011, 
         0.87300000000000022, 
         0.6905, 
         0.80799999999999994, 
         0.76249999999999984, 
         0.75199999999999978
      ]
   }
}