{
   "f1": {
      "std": [
         0.049604974277443807, 
         0.05406841296346096, 
         0.068901436405622754, 
         0.059637629642081538, 
         0.089206833437559724, 
         0.041881114974742367
      ], 
      "avg": [
         0.91839292273657547, 
         0.85456086662160247, 
         0.81488014262860642, 
         0.82445253249512074, 
         0.68980680606527967, 
         0.85723102872288803
      ]
   }, 
   "accuracy": {
      "std": [
         0.042863154340295577, 
         0.049284886121406447, 
         0.059583974355526169, 
         0.051285962991836284, 
         0.055578772926361014, 
         0.039764934301467166
      ], 
      "avg": [
         0.92549999999999999, 
         0.86099999999999999, 
         0.8214999999999999, 
         0.83850000000000013, 
         0.75599999999999978, 
         0.86250000000000004
      ]
   }
}