{
   "f1": {
      "std": [
         0.038508443489484373, 
         0.033273092829172617, 
         0.03320380592726406, 
         0.039708843432620877, 
         0.040310065793946172, 
         0.055692962523855548
      ], 
      "avg": [
         0.83678685449157386, 
         0.92327907958934607, 
         0.79092388334247732, 
         0.83129944965664382, 
         0.74812632801639678, 
         0.78671608826802708
      ]
   }, 
   "accuracy": {
      "std": [
         0.053443895816079875, 
         0.03709447398198281, 
         0.046904157598234304, 
         0.054883968515405293, 
         0.055281099844341028, 
         0.063725975865419282
      ], 
      "avg": [
         0.80249999999999988, 
         0.91800000000000015, 
         0.74499999999999966, 
         0.79949999999999999, 
         0.68799999999999994, 
         0.75800000000000045
      ]
   }
}