{
   "f1": {
      "std": [
         0.034266385103114493, 
         0.036285221020191771, 
         0.041519273245488666, 
         0.03632262719737657, 
         0.062518106612277524, 
         0.058860949255050206
      ], 
      "avg": [
         0.89586451181657534, 
         0.89244069235509116, 
         0.77973037545688528, 
         0.85551773435841261, 
         0.70451290805186861, 
         0.77051447225649328
      ]
   }, 
   "accuracy": {
      "std": [
         0.0428485705712571, 
         0.044240818256447302, 
         0.047699580710945468, 
         0.047634021455258212, 
         0.050894498720392166, 
         0.063144675151591348
      ], 
      "avg": [
         0.88299999999999979, 
         0.88049999999999984, 
         0.74650000000000005, 
         0.83399999999999996, 
         0.73349999999999993, 
         0.74950000000000017
      ]
   }
}