{
   "f1": {
      "std": [
         0.03182287077317749, 
         0.034921846996781164, 
         0.042093560926353357, 
         0.037718553226323233, 
         0.051643933554728252, 
         0.035722326367346666
      ], 
      "avg": [
         0.87375550095156951, 
         0.88931196966184156, 
         0.8154139070447548, 
         0.91387922735225913, 
         0.77952439955333797, 
         0.8371822182212294
      ]
   }, 
   "accuracy": {
      "std": [
         0.041641325627314034, 
         0.040709335538669761, 
         0.051961524227066333, 
         0.041499999999999995, 
         0.061929395282046822, 
         0.043657759905886169
      ], 
      "avg": [
         0.8540000000000002, 
         0.88050000000000006, 
         0.79000000000000015, 
         0.90949999999999975, 
         0.74849999999999994, 
         0.81299999999999994
      ]
   }
}