{
   "f1": {
      "std": [
         0.030097404917677161, 
         0.042169834861601495, 
         0.048603274456630527, 
         0.044803989794318891, 
         0.049967987428015129, 
         0.056378185504802288
      ], 
      "avg": [
         0.94423250046185292, 
         0.89474956213079027, 
         0.82060128265553078, 
         0.89449297944375072, 
         0.80673243443943665, 
         0.85187820083281807
      ]
   }, 
   "accuracy": {
      "std": [
         0.033451457367355449, 
         0.04502499305941092, 
         0.055382759050087056, 
         0.042614551505325032, 
         0.057445626465380296, 
         0.052449976167773429
      ], 
      "avg": [
         0.94100000000000006, 
         0.88949999999999985, 
         0.80449999999999988, 
         0.89700000000000002, 
         0.78500000000000003, 
         0.85699999999999976
      ]
   }
}