{
   "f1": {
      "std": [
         0.080680509676129747, 
         0.05451763481075847, 
         0.089533084275763397, 
         0.040964039895189694, 
         0.079552403307765737, 
         0.073343124048407968
      ], 
      "avg": [
         0.81319163250762527, 
         0.84431403974685437, 
         0.72744886748065141, 
         0.91980679392419551, 
         0.69444493040888167, 
         0.77845038215406914
      ]
   }, 
   "accuracy": {
      "std": [
         0.057664980707531684, 
         0.051090605790105874, 
         0.065924198895398051, 
         0.042499999999999996, 
         0.055982140009113612, 
         0.052251794227566956
      ], 
      "avg": [
         0.84649999999999981, 
         0.84850000000000003, 
         0.77299999999999969, 
         0.91750000000000043, 
         0.746, 
         0.81350000000000011
      ]
   }
}