{
   "f1": {
      "std": [
         0.071476534143788364, 
         0.053655533502866747, 
         0.10763899954799058, 
         0.071175471473341842, 
         0.072372211826104482, 
         0.053962598825530055
      ], 
      "avg": [
         0.83413049824515229, 
         0.85344700540998697, 
         0.64226682830402682, 
         0.8298871344265828, 
         0.73105199085972028, 
         0.80734157292262498
      ]
   }, 
   "accuracy": {
      "std": [
         0.050990195135927861, 
         0.051188377587104671, 
         0.068000000000000019, 
         0.054316203843788637, 
         0.05562373594069351, 
         0.057662812973353982
      ], 
      "avg": [
         0.85999999999999999, 
         0.85650000000000004, 
         0.7260000000000002, 
         0.85349999999999981, 
         0.76599999999999968, 
         0.80000000000000004
      ]
   }
}