{
   "f1": {
      "std": [
         0.035098413027665212, 
         0.052147438948710476, 
         0.049075193175345123, 
         0.057075382087119875, 
         0.049695495631251363, 
         0.042777564294302003
      ], 
      "avg": [
         0.86973265868918925, 
         0.81826362052700441, 
         0.76892675668185062, 
         0.83770014675862958, 
         0.82795488174272025, 
         0.81445807729077146
      ]
   }, 
   "accuracy": {
      "std": [
         0.045686431246049417, 
         0.054564182391015431, 
         0.064770749571083405, 
         0.05388877434122992, 
         0.058755850772497543, 
         0.055877097276075462
      ], 
      "avg": [
         0.84950000000000048, 
         0.81050000000000011, 
         0.73149999999999982, 
         0.83900000000000019, 
         0.8105, 
         0.78449999999999998
      ]
   }
}