{
   "f1": {
      "std": [
         0.030121798111233625, 
         0.042362595923264204, 
         0.047986016289412528, 
         0.066244040721947214, 
         0.048341256546174494, 
         0.047743945114770391
      ], 
      "avg": [
         0.92869733425066725, 
         0.85862929368286478, 
         0.76464532762029525, 
         0.77505708070153456, 
         0.77916730319957139, 
         0.83078861008228544
      ]
   }, 
   "accuracy": {
      "std": [
         0.031721443851123791, 
         0.038483762809787728, 
         0.0524404424085076, 
         0.053714523175766901, 
         0.054442630355264796, 
         0.055054518434003198
      ], 
      "avg": [
         0.92749999999999999, 
         0.86199999999999999, 
         0.74500000000000011, 
         0.79850000000000021, 
         0.75599999999999978, 
         0.81200000000000017
      ]
   }
}