{
   "f1": {
      "std": [
         0.031025790054090122, 
         0.048371735463436989, 
         0.063335240142402618, 
         0.048954297552053092, 
         0.04054377047865964, 
         0.052442713072997416
      ], 
      "avg": [
         0.89752495958309453, 
         0.89357984461202644, 
         0.76045726441957451, 
         0.84008860811013553, 
         0.79900090277023905, 
         0.79161476005050702
      ]
   }, 
   "accuracy": {
      "std": [
         0.038369910085899343, 
         0.049469687688522959, 
         0.067210490252638394, 
         0.056659068117998562, 
         0.052012017842033388, 
         0.052652160449501023
      ], 
      "avg": [
         0.88449999999999984, 
         0.89050000000000007, 
         0.74549999999999994, 
         0.82350000000000012, 
         0.76349999999999996, 
         0.78449999999999986
      ]
   }
}