{
   "f1": {
      "std": [
         0.038506250994174866, 
         0.058124637155857105, 
         0.053424741004639544, 
         0.075051207345805504, 
         0.06138220989727234, 
         0.053648706722715454
      ], 
      "avg": [
         0.934464779285061, 
         0.85010898729294382, 
         0.78934317315193891, 
         0.78711397825306395, 
         0.7599729547709424, 
         0.81765283083811513
      ]
   }, 
   "accuracy": {
      "std": [
         0.034716710673679881, 
         0.053546708582320919, 
         0.054138710734556679, 
         0.053749418601506754, 
         0.047751963310423161, 
         0.050089919145472762
      ], 
      "avg": [
         0.93850000000000022, 
         0.85450000000000004, 
         0.78700000000000003, 
         0.81900000000000006, 
         0.78849999999999998, 
         0.82099999999999995
      ]
   }
}