{
   "f1": {
      "std": [
         0.036014412732682598, 
         0.039512421590156076, 
         0.052887949563826468, 
         0.038587583019327139, 
         0.05968766040424113, 
         0.066379560296131151
      ], 
      "avg": [
         0.94707723132931365, 
         0.86660256933633661, 
         0.82681606781923223, 
         0.88500515408144798, 
         0.7962109976922348, 
         0.83419651701062192
      ]
   }, 
   "accuracy": {
      "std": [
         0.03571064267133818, 
         0.041003048667141821, 
         0.046532246883209935, 
         0.044339598554790714, 
         0.05586591089385369, 
         0.058243025333510959
      ], 
      "avg": [
         0.94649999999999979, 
         0.86250000000000016, 
         0.83350000000000024, 
         0.87799999999999967, 
         0.80199999999999994, 
         0.84550000000000014
      ]
   }
}