{
   "f1": {
      "std": [
         0.038795928630691374, 
         0.04632936327355229, 
         0.054482971453600246, 
         0.040326845108765302, 
         0.042384236382810421, 
         0.062274922876659242
      ], 
      "avg": [
         0.9239757079418256, 
         0.86514518955468855, 
         0.78388539789655354, 
         0.87671155691243641, 
         0.8133643892090765, 
         0.76228643913602201
      ]
   }, 
   "accuracy": {
      "std": [
         0.044891535950555318, 
         0.043197222132910357, 
         0.060747427929090124, 
         0.048518037882832814, 
         0.048877397639399738, 
         0.054230987451825009
      ], 
      "avg": [
         0.91649999999999976, 
         0.872, 
         0.76650000000000007, 
         0.86399999999999977, 
         0.79399999999999982, 
         0.77200000000000002
      ]
   }
}